ExCuSe,Dummy
5.0,185.0
5.5,185.5
4.0,186.0
6.5,186.5
3.0,187.0
7.5,187.5
2.0,188.0
18.5,188.5
32.0,189.0
18.939999999999998,188.94
18.879999999999995,188.88
61.19,188.81
18.75,188.75
28.689999999999998,188.69
38.620000000000005,188.62
58.56,188.56
48.5,188.5
48.5,188.5
28.5,188.5
28.5,188.5
38.5,188.5
28.5,188.5
28.5,188.5
58.5,188.5
38.5,188.5
38.629999999999995,188.63
28.75,188.75
38.870000000000005,188.87
39.0,189.0
39.129999999999995,189.13
29.25,189.25
49.370000000000005,189.37
59.5,189.5
49.19,189.19
1.1200000000000045,188.88
48.56,188.56
1.75,188.25
47.94,187.94
47.620000000000005,187.62
57.31,187.31
7.0,187.0
37.19,187.19
47.370000000000005,187.37
47.56,187.56
37.75,187.75
27.939999999999998,187.94
58.129999999999995,188.13
28.310000000000002,188.31
28.5,188.5
58.25,188.25
58.0,188.0
57.75,187.75
27.5,187.5
27.25,187.25
47.0,187.0
6.75,186.75
56.5,186.5
56.69,186.69
16.879999999999995,186.88
17.060000000000002,187.06
27.25,187.25
27.439999999999998,187.44
27.620000000000005,187.62
27.810000000000002,187.81
28.0,188.0
28.180000000000007,188.18
28.370000000000005,188.37
28.569999999999993,188.57
28.75,188.75
28.930000000000007,188.93
39.129999999999995,189.13
39.31999999999999,189.32
39.5,189.5
31.120000000000005,191.12
52.74000000000001,192.74
34.379999999999995,194.38
56.0,196.0
57.620000000000005,197.62
59.25999999999999,199.26
30.879999999999995,200.88
62.5,202.5
52.879999999999995,202.88
63.25,203.25
63.620000000000005,203.62
64.0,204.0
64.38,204.38
64.75,204.75
65.12,205.12
65.5,205.5
66.0,206.0
66.5,206.5
67.0,207.0
47.5,207.5
68.0,208.0
68.5,208.5
69.0,209.0
79.5,209.5
79.87,209.87
80.25,210.25
80.63,210.63
81.0,211.0
81.37,211.37
81.75,211.75
82.13,212.13
82.5,212.5
52.870000000000005,212.87
73.24000000000001,213.24
73.63,213.63
74.0,214.0
74.37,214.37
84.75999999999999,214.76
75.13,215.13
75.5,215.5
86.06,216.06
76.63,216.63
77.19,217.19
67.75,217.75
78.31,218.31
78.87,218.87
69.44,219.44
70.0,220.0
70.82,220.82
81.63,221.63
82.43,222.43
83.25,223.25
74.07,224.07
84.87,224.87
65.68,225.68
86.5,226.5
66.75,226.75
77.0,227.0
67.25,227.25
77.5,227.5
57.75,227.75
88.0,228.0
78.25,228.25
68.5,228.5
78.13,228.13
67.75999999999999,227.76
77.37,227.37
77.0,227.0
76.63,226.63
76.24000000000001,226.24
95.87,225.87
75.5,225.5
65.31,225.31
65.12,225.12
74.94,224.94
74.75,224.75
64.56,224.56
84.38,224.38
74.19,224.19
74.0,224.0
63.870000000000005,223.87
63.74000000000001,223.74
73.63,223.63
73.5,223.5
63.370000000000005,223.37
73.25999999999999,223.26
73.13,223.13
73.0,223.0
92.75,222.75
72.5,222.5
62.25,222.25
62.0,222.0
81.75,221.75
61.5,221.5
81.25,221.25
111.0,221.0
60.379999999999995,220.38
79.75999999999999,219.76
79.12,219.12
68.5,218.5
67.88,217.88
67.24000000000001,217.24
86.62,216.62
66.0,216.0
84.06,214.06
82.13,212.13
80.19,210.19
78.25,208.25
76.31,206.31
74.37,204.37
27.560000000000002,202.44
29.5,200.5
10.5,199.5
31.5,198.5
32.5,197.5
33.5,196.5
14.5,195.5
25.5,194.5
36.5,193.5
27.5,192.5
7.819999999999993,192.18
18.129999999999995,191.87
18.430000000000007,191.57
28.75,191.25
9.069999999999993,190.93
29.370000000000005,190.63
29.680000000000007,190.32
20.0,190.0
11.180000000000007,188.82
22.370000000000005,187.63
23.569999999999993,186.43
24.75,185.25
35.93000000000001,184.07
27.129999999999995,182.87
28.319999999999993,181.68
19.5,180.5
30.25,179.75
21.0,179.0
11.75,178.25
22.5,177.5
13.25,176.75
4.0,176.0
45.25,175.25
44.5,174.5
53.69,173.69
17.129999999999995,172.87
52.06,172.06
41.25,171.25
9.560000000000002,170.44
39.629999999999995,169.63
11.189999999999998,168.81
12.0,168.0
37.120000000000005,167.12
36.24000000000001,166.24
35.379999999999995,165.38
44.5,164.5
43.620000000000005,163.62
42.75999999999999,162.76
31.879999999999995,161.88
19.0,161.0
40.56,160.56
19.879999999999995,160.12
10.310000000000002,159.69
0.75,159.25
58.81,158.81
1.6200000000000045,158.38
12.060000000000002,157.94
12.5,157.5
2.8799999999999955,157.12
3.25,156.75
13.620000000000005,156.38
14.0,156.0
4.3799999999999955,155.62
4.75,155.25
15.120000000000005,154.88
5.5,154.5
35.19,155.19
4.1299999999999955,155.87
13.439999999999998,156.56
12.75,157.25
2.0600000000000023,157.94
11.370000000000005,158.63
10.689999999999998,159.31
10.0,160.0
9.939999999999998,160.06
40.120000000000005,160.12
9.810000000000002,160.19
9.75,160.25
9.689999999999998,160.31
9.620000000000005,160.38
40.44,160.44
40.5,160.5
9.939999999999998,160.06
39.629999999999995,159.63
0.8100000000000023,159.19
1.25,158.75
38.31,158.31
12.129999999999995,157.87
2.5600000000000023,157.44
13.0,157.0
13.189999999999998,156.81
36.620000000000005,156.62
13.560000000000002,156.44
13.75,156.25
13.939999999999998,156.06
14.120000000000005,155.88
14.310000000000002,155.69
4.5,155.5
14.689999999999998,155.31
35.129999999999995,155.13
15.060000000000002,154.94
5.25,154.75
5.439999999999998,154.56
5.6299999999999955,154.37
5.810000000000002,154.19
26.0,154.0
26.560000000000002,153.44
7.1200000000000045,152.88
17.689999999999998,152.31
18.25,151.75
18.810000000000002,151.19
19.379999999999995,150.62
19.939999999999998,150.06
20.5,149.5
21.689999999999998,148.31
22.870000000000005,147.13
54.06,145.94
25.25,144.75
3.5600000000000023,143.56
10.629999999999995,142.37
18.810000000000002,141.19
40.0,140.0
40.25999999999999,139.74
20.5,139.5
20.74000000000001,139.26
21.0,139.0
41.25999999999999,138.74
21.5,138.5
20.25999999999999,138.26
22.0,138.0
41.94,138.06
4.8700000000000045,138.13
41.81,138.19
51.75,138.25
41.69,138.31
41.629999999999995,138.37
20.439999999999998,138.44
51.5,138.5
21.0,139.0
60.5,139.5
10.0,140.0
69.5,140.5
39.0,141.0
58.5,141.5
19.0,142.0
12.5,142.5
27.879999999999995,142.88
36.75,143.25
16.379999999999995,143.62
36.0,144.0
35.620000000000005,144.38
15.25,144.75
34.879999999999995,145.12
4.5,145.5
33.379999999999995,146.62
32.25999999999999,147.74
41.120000000000005,148.88
40.0,150.0
58.879999999999995,151.12
37.74000000000001,152.26
36.620000000000005,153.38
35.5,154.5
34.620000000000005,155.38
33.75,156.25
32.879999999999995,157.12
52.0,158.0
51.120000000000005,158.88
50.25,159.75
29.379999999999995,160.62
48.5,161.5
48.56,161.44
28.620000000000005,161.38
28.689999999999998,161.31
28.75,161.25
38.81,161.19
38.879999999999995,161.12
38.94,161.06
59.0,161.0
38.0,162.0
37.0,163.0
36.0,164.0
35.0,165.0
34.0,166.0
43.0,167.0
48.0,168.0
49.0,169.0
49.68000000000001,170.32
38.370000000000005,171.63
27.069999999999993,172.93
35.75,174.25
34.43000000000001,175.57
33.129999999999995,176.87
48.18000000000001,178.18
59.5,179.5
41.629999999999995,181.63
63.75999999999999,183.76
35.870000000000005,185.87
38.0,188.0
70.13,190.13
72.24000000000001,192.24
74.37,194.37
66.5,196.5
67.81,197.81
69.12,199.12
70.44,200.44
51.75,201.75
73.06,203.06
64.38,204.38
65.69,205.69
67.0,207.0
67.75999999999999,207.76
68.5,208.5
59.24000000000001,209.24
60.0,210.0
60.75999999999999,210.76
61.5,211.5
62.24000000000001,212.24
63.0,213.0
63.870000000000005,213.87
54.75,214.75
55.629999999999995,215.63
56.5,216.5
57.370000000000005,217.37
48.25,218.25
49.129999999999995,219.13
70.0,220.0
50.56,220.56
61.129999999999995,221.13
51.69,221.69
52.25,222.25
52.81,222.81
143.37,223.37
53.94,223.94
54.5,224.5
145.24,225.24
36.0,226.0
46.75999999999999,226.76
17.5,227.5
38.24000000000001,228.24
29.0,229.0
19.75999999999999,229.76
20.5,230.5
21.120000000000005,231.12
21.75,231.75
22.379999999999995,232.38
153.0,233.0
153.62,233.62
34.25,234.25
14.879999999999995,234.88
155.5,235.5
155.5,235.5
155.5,235.5
155.5,235.5
155.5,235.5
155.5,235.5
155.5,235.5
155.5,235.5
155.5,235.5
155.68,235.68
155.87,235.87
156.07,236.07
156.25,236.25
156.43,236.43
156.63,236.63
156.82,236.82
157.0,237.0
157.06,237.06
157.13,237.13
157.19,237.19
157.25,237.25
157.31,237.31
157.37,237.37
157.44,237.44
157.5,237.5
157.57,237.57
157.63,237.63
157.68,237.68
157.75,237.75
157.82,237.82
157.87,237.87
157.93,237.93
158.0,238.0
158.0,238.0
158.0,238.0
158.0,238.0
158.0,238.0
158.0,238.0
158.0,238.0
158.0,238.0
158.0,238.0
157.81,237.81
157.62,237.62
157.44,237.44
157.25,237.25
157.06,237.06
156.88,236.88
156.69,236.69
156.5,236.5
156.5,236.5
156.5,236.5
156.5,236.5
156.5,236.5
156.5,236.5
156.5,236.5
156.5,236.5
156.5,236.5
155.76,235.76
155.0,235.0
154.24,234.24
153.5,233.5
152.76,232.76
152.0,232.0
151.24,231.24
150.5,230.5
148.63,228.63
146.76,226.76
144.87,224.87
143.0,223.0
141.13,221.13
139.24,219.24
137.37,217.37
135.5,215.5
134.56,214.56
133.63,213.63
132.69,212.69
131.75,211.75
130.81,210.81
129.87,209.87
128.94,208.94
128.0,208.0
126.94,206.94
125.87,205.87
124.81,204.81
123.75,203.75
122.69,202.69
121.63,201.63
120.56,200.56
119.5,199.5
150.82,199.18
118.87,198.87
118.57,198.57
118.25,198.25
117.93,197.93
117.63,197.63
117.32,197.32
117.0,197.0
116.56,196.56
116.12,196.12
115.69,195.69
115.25,195.25
114.81,194.81
114.38,194.38
113.94,193.94
113.5,193.5
113.44,193.44
113.37,193.37
113.31,193.31
113.25,193.25
113.19,193.19
113.13,193.13
113.06,193.06
113.0,193.0
112.81,192.81
112.63,192.63
112.44,192.44
112.25,192.25
112.06,192.06
111.87,191.87
111.69,191.69
111.5,191.5
111.5,191.5
111.5,191.5
111.5,191.5
111.5,191.5
111.5,191.5
111.5,191.5
111.5,191.5
111.5,191.5
111.19,191.19
110.88,190.88
110.56,190.56
110.25,190.25
109.94,189.94
109.62,189.62
109.31,189.31
109.0,189.0
108.5,188.5
108.0,188.0
107.5,187.5
107.0,187.0
106.5,186.5
106.0,186.0
105.5,185.5
105.0,185.0
104.25,184.25
103.5,183.5
2.75,182.75
42.0,182.0
101.25,181.25
50.5,180.5
49.75,179.75
49.0,179.0
97.94,177.94
96.87,176.87
55.81,175.81
94.75,174.75
53.69,173.69
92.63,172.63
91.56,171.56
20.5,170.5
88.25,168.25
16.0,166.0
13.75,163.75
21.5,161.5
79.25,159.25
7.0,157.0
14.75,154.75
2.5,152.5
1.5,151.5
0.5,150.5
0.5,149.5
18.5,148.5
7.5,147.5
16.5,146.5
15.5,145.5
14.5,144.5
3.680000000000007,143.68
2.8700000000000045,142.87
2.069999999999993,142.07
8.75,141.25
9.569999999999993,140.43
10.370000000000005,139.63
1.1800000000000068,138.82
12.0,138.0
13.310000000000002,136.69
14.629999999999995,135.37
15.939999999999998,134.06
7.25,132.75
1.4399999999999977,131.44
10.129999999999995,130.13
8.810000000000002,128.81
42.5,127.5
6.689999999999998,126.69
4.1299999999999955,125.87
44.94,125.06
5.75,124.25
6.560000000000002,123.44
27.370000000000005,122.63
1.8100000000000023,121.81
1.0,121.0
9.680000000000007,120.32
10.370000000000005,119.63
51.06999999999999,118.93
41.75,118.25
22.430000000000007,117.57
23.129999999999995,116.87
43.81999999999999,116.18
44.5,115.5
44.75,115.25
45.0,115.0
45.25,114.75
25.5,114.5
55.75,114.25
26.0,114.0
46.25,113.75
56.5,113.5
7.3700000000000045,112.63
48.24000000000001,111.75999999999999
59.129999999999995,110.87
40.0,110.0
50.870000000000005,109.13
41.75999999999999,108.24000000000001
52.629999999999995,107.37
53.5,106.5
54.379999999999995,105.62
55.25999999999999,104.74000000000001
46.120000000000005,103.88
57.0,103.0
47.879999999999995,102.12
48.74000000000001,101.25999999999999
49.620000000000005,100.38
50.5,99.5
51.31,98.69
52.129999999999995,97.87
52.94,97.06
53.75,96.25
54.56,95.44
55.370000000000005,94.63
56.19,93.81
77.0,93.0
67.68,92.32
68.37,91.63
59.06999999999999,90.93
59.75,90.25
60.43000000000001,89.57
81.13,88.87
81.82,88.18
62.5,87.5
73.12,86.88
63.75,86.25
84.38,85.62
85.0,85.0
85.62,84.38
86.25,83.75
86.88,83.12
87.5,82.5
88.62,81.38
89.75,80.25
90.88,79.12
92.0,78.0
93.12,76.88
74.25,75.75
65.38,74.62
86.5,73.5
67.06,72.94
97.63,72.37
58.19,71.81
48.75,71.25
49.31,70.69
49.870000000000005,70.13
60.44,69.56
61.0,69.0
62.5,67.5
84.0,66.0
75.5,64.5
87.0,63.0
18.5,61.5
20.0,60.0
21.5,58.5
23.0,57.0
23.689999999999998,56.31
24.379999999999995,55.620000000000005
95.06,54.94
95.75,54.25
26.439999999999998,53.56
97.12,52.879999999999995
27.810000000000002,52.19
28.5,51.5
28.0,52.0
27.5,52.5
27.0,53.0
26.5,53.5
26.0,54.0
25.5,54.5
25.0,55.0
24.5,55.5
23.310000000000002,56.69
22.129999999999995,57.870000000000005
20.939999999999998,59.06
19.75,60.25
18.560000000000002,61.44
17.370000000000005,62.629999999999995
16.189999999999998,63.81
15.0,65.0
13.189999999999998,66.81
11.370000000000005,68.63
9.560000000000002,70.44
7.75,72.25
245.94,74.06
4.1299999999999955,75.87
2.3100000000000023,77.69
0.5,79.5
0.4399999999999977,79.56
0.37999999999999545,79.62
0.3100000000000023,79.69
0.25,79.75
0.18999999999999773,79.81
0.12000000000000455,79.88
0.060000000000002274,79.94
0.0,80.0
2.0600000000000023,82.06
4.1200000000000045,84.12
6.189999999999998,86.19
8.25,88.25
10.310000000000002,90.31
12.379999999999995,92.38
25.560000000000002,94.44
23.5,96.5
22.319999999999993,97.68
21.129999999999995,98.87
19.930000000000007,100.07
18.75,101.25
17.569999999999993,102.43
16.370000000000005,103.63
15.180000000000007,104.82
14.0,106.0
13.560000000000002,106.44
13.129999999999995,106.87
12.689999999999998,107.31
12.25,107.75
11.810000000000002,108.19
11.370000000000005,108.63
10.939999999999998,109.06
10.5,109.5
30.129999999999995,110.13
30.75999999999999,110.75999999999999
18.629999999999995,111.37
32.0,112.0
32.629999999999995,112.63
33.24000000000001,113.24000000000001
33.870000000000005,113.87
34.5,114.5
35.44,115.44
36.370000000000005,116.37
37.31,117.31
201.75,118.25
39.19,119.19
40.129999999999995,120.13
41.06,121.06
42.0,122.0
42.69,122.69
43.379999999999995,123.38
85.94,124.06
44.75,124.75
174.56,125.44
46.120000000000005,126.12
213.19,126.81
47.5,127.5
48.129999999999995,128.13
181.25,128.75
49.370000000000005,129.37
50.0,130.0
50.629999999999995,130.63
51.25,131.25
51.870000000000005,131.87
52.5,132.5
53.81999999999999,133.82
194.87,135.13
26.430000000000007,136.43
57.75,137.75
59.06999999999999,139.07
60.370000000000005,140.37
61.68000000000001,141.68
63.0,143.0
66.13,146.13
69.25999999999999,149.26
72.37,152.37
75.5,155.5
78.63,158.63
81.74000000000001,161.74
84.87,164.87
88.0,168.0
88.82,168.82
89.63,169.63
90.43,170.43
91.25,171.25
92.07,172.07
92.87,172.87
196.32,173.68
94.5,174.5
94.63,174.63
94.75999999999999,174.76
94.87,174.87
95.0,175.0
95.13,175.13
95.24000000000001,175.24
95.37,175.37
95.5,175.5
94.81,174.81
94.13,174.13
93.44,173.44
92.75,172.75
92.06,172.06
91.37,171.37
90.69,170.69
90.0,170.0
89.5,169.5
89.0,169.0
88.5,168.5
88.0,168.0
87.5,167.5
87.0,167.0
86.5,166.5
86.0,166.0
86.19,166.19
86.38,166.38
86.56,166.56
86.75,166.75
86.94,166.94
87.12,167.12
87.31,167.31
87.5,167.5
88.25999999999999,168.26
89.0,169.0
20.25999999999999,169.74
19.5,170.5
18.74000000000001,171.26
18.0,172.0
17.25999999999999,172.74
166.5,173.5
6.1299999999999955,173.87
5.759999999999991,174.24
15.370000000000005,174.63
5.0,175.0
4.6299999999999955,175.37
45.75999999999999,175.76
13.870000000000005,176.13
3.5,176.5
3.6200000000000045,176.38
3.740000000000009,176.26
3.8799999999999955,176.12
4.0,176.0
14.120000000000005,175.88
14.259999999999991,175.74
45.620000000000005,175.62
4.5,175.5
94.81,174.81
5.8700000000000045,174.13
93.44,173.44
92.75,172.75
92.06,172.06
188.63,171.37
189.31,170.69
90.0,170.0
88.87,168.87
182.26,167.74
86.63,166.63
85.5,165.5
84.37,164.37
83.25999999999999,163.26
82.13,162.13
81.0,161.0
80.06,160.06
79.13,159.13
78.19,158.19
77.25,157.25
220.69,156.31
194.63,155.37
175.56,154.44
73.5,153.5
72.56,152.56
71.63,151.63
70.69,150.69
69.75,149.75
68.81,148.81
67.87,147.87
66.94,146.94
66.0,146.0
65.88,145.88
65.75999999999999,145.76
65.62,145.62
65.5,145.5
65.38,145.38
65.24000000000001,145.24
65.12,145.12
65.0,145.0
64.5,144.5
64.0,144.0
63.5,143.5
63.0,143.0
62.5,142.5
62.0,142.0
61.5,141.5
61.0,141.0
59.93000000000001,139.93
58.870000000000005,138.87
57.81999999999999,137.82
56.75,136.75
55.68000000000001,135.68
54.629999999999995,134.63
53.56999999999999,133.57
52.5,132.5
52.44,132.44
52.379999999999995,132.38
52.31,132.31
52.25,132.25
52.19,132.19
52.120000000000005,132.12
52.06,132.06
52.0,132.0
51.120000000000005,131.12
50.24000000000001,130.24
49.379999999999995,129.38
48.5,128.5
47.620000000000005,127.62
46.75999999999999,126.75999999999999
45.879999999999995,125.88
45.0,125.0
175.0,125.0
175.0,125.0
175.0,125.0
45.0,125.0
45.0,125.0
45.0,125.0
45.0,125.0
45.0,125.0
45.0,125.0
45.0,125.0
45.0,125.0
45.0,125.0
175.0,125.0
225.0,125.0
175.0,125.0
175.0,125.0
43.120000000000005,123.12
41.24000000000001,121.24000000000001
180.62,119.38
37.5,117.5
35.620000000000005,115.62
33.75999999999999,113.75999999999999
211.88,111.88
220.0,110.0
134.31,104.31
138.62,98.62
172.94,92.94
167.25,87.25
161.56,81.56
165.88,75.88
190.19,70.19
144.5,64.5
183.87,63.870000000000005
183.25,63.25
152.63,62.629999999999995
182.0,62.0
151.37,61.370000000000005
140.75,60.75
150.13,60.129999999999995
149.5,59.5
139.43,59.43000000000001
149.37,59.370000000000005
159.32,59.31999999999999
149.25,59.25
159.18,59.18000000000001
139.13,59.129999999999995
149.07,59.06999999999999
159.0,59.0
159.5,59.5
160.0,60.0
150.5,60.5
131.0,61.0
131.5,61.5
228.0,62.0
142.5,62.5
63.0,63.0
131.87,61.870000000000005
130.75,60.75
139.63,59.629999999999995
168.5,58.5
167.37,57.370000000000005
166.25,56.25
45.129999999999995,55.129999999999995
174.0,54.0
174.81,54.81
15.620000000000005,55.620000000000005
56.44,56.44
57.25,57.25
128.06,58.06
38.879999999999995,58.879999999999995
59.69,59.69
60.5,60.5
40.81,60.81
41.120000000000005,61.120000000000005
61.44,61.44
61.75,61.75
62.06,62.06
62.379999999999995,62.379999999999995
62.69,62.69
63.0,63.0
142.5,62.5
62.0,62.0
61.5,61.5
61.0,61.0
60.5,60.5
60.0,60.0
169.5,59.5
59.0,59.0
178.31,58.31
127.62,57.620000000000005
96.94,56.94
166.25,56.25
125.56,55.56
54.879999999999995,54.879999999999995
164.19,54.19
163.5,53.5
93.07,53.06999999999999
172.63,52.629999999999995
92.18,52.18000000000001
141.75,51.75
171.32,51.31999999999999
140.87,50.870000000000005
140.43,50.43000000000001
170.0,50.0
109.74000000000001,49.74000000000001
119.5,49.5
139.26,49.25999999999999
9.0,49.0
8.740000000000009,48.74000000000001
188.5,48.5
118.25999999999999,48.25999999999999
8.0,48.0
117.37,47.370000000000005
6.75,46.75
166.13,46.129999999999995
115.5,45.5
164.87,44.870000000000005
184.25,44.25
163.63,43.629999999999995
113.0,43.0
163.81,43.81
84.62,44.620000000000005
165.44,45.44
36.25,46.25
87.06,47.06
27.879999999999995,47.879999999999995
168.69,48.69
169.5,49.5
33.5,53.5
27.5,57.5
58.5,61.5
64.5,65.5
60.5,69.5
66.5,73.5
72.5,77.5
78.5,81.5
68.31,81.69
68.13,81.87
57.94,82.06
57.75,82.25
57.56,82.44
57.370000000000005,82.63
67.19,82.81
57.0,83.0
66.63,83.37
36.25,83.75
75.87,84.13
55.5,84.5
15.129999999999995,84.87
14.75,85.25
14.370000000000005,85.63
24.0,86.0
33.56,86.44
23.120000000000005,86.88
22.689999999999998,87.31
62.25,87.75
21.810000000000002,88.19
61.379999999999995,88.62
60.94,89.06
70.5,89.5
10.069999999999993,89.93
9.629999999999995,90.37
9.180000000000007,90.82
8.75,91.25
18.319999999999993,91.68
67.87,92.13
27.430000000000007,92.57
67.0,93.0
66.87,93.13
26.74000000000001,93.25999999999999
16.629999999999995,93.37
16.5,93.5
16.370000000000005,93.63
16.25999999999999,93.74000000000001
16.129999999999995,93.87
16.0,94.0
15.189999999999998,94.81
14.379999999999995,95.62
13.560000000000002,96.44
32.75,97.25
31.939999999999998,98.06
31.120000000000005,98.88
30.310000000000002,99.69
29.5,100.5
28.629999999999995,101.37
27.75999999999999,102.24000000000001
26.870000000000005,103.13
26.0,104.0
25.129999999999995,104.87
24.24000000000001,105.75999999999999
23.370000000000005,106.63
22.5,107.5
20.310000000000002,109.69
18.120000000000005,111.88
5.939999999999998,114.06
3.75,116.25
11.560000000000002,118.44
9.379999999999995,120.62
7.189999999999998,122.81
5.0,125.0
4.6299999999999955,125.37
45.74000000000001,125.74000000000001
46.129999999999995,126.13
46.5,126.5
46.870000000000005,126.87
47.25999999999999,127.25999999999999
47.629999999999995,127.63
48.0,128.0
48.870000000000005,128.87
49.75,129.75
50.629999999999995,130.63
51.5,131.5
52.370000000000005,132.37
53.25,133.25
54.129999999999995,134.13
55.0,135.0
55.75,135.75
56.5,136.5
57.25,137.25
58.0,138.0
58.75,138.75
59.5,139.5
60.25,140.25
61.0,141.0
61.44,141.44
61.879999999999995,141.88
62.31,142.31
62.75,142.75
63.19,143.19
63.620000000000005,143.62
64.06,144.06
64.5,144.5
65.06,145.06
65.63,145.63
66.19,146.19
66.75,146.75
67.31,147.31
67.87,147.87
68.44,148.44
69.0,149.0
69.56,149.56
70.13,150.13
70.69,150.69
71.25,151.25
71.81,151.81
67.63,152.37
67.06,152.94
73.5,153.5
74.0,154.0
74.5,154.5
75.0,155.0
75.5,155.5
76.0,156.0
76.5,156.5
77.0,157.0
77.5,157.5
77.82,157.82
78.13,158.13
78.43,158.43
78.75,158.75
79.07,159.07
79.37,159.37
79.68,159.68
80.0,160.0
80.56,160.56
81.12,161.12
81.69,161.69
82.25,162.25
82.81,162.81
83.38,163.38
83.94,163.94
84.5,164.5
85.0,165.0
85.5,165.5
86.0,166.0
86.5,166.5
87.0,167.0
87.5,167.5
88.0,168.0
88.5,168.5
88.69,168.69
88.88,168.88
89.06,169.06
89.25,169.25
89.44,169.44
89.62,169.62
89.81,169.81
90.0,170.0
90.19,170.19
90.37,170.37
90.56,170.56
90.75,170.75
90.94,170.94
91.13,171.13
91.31,171.31
91.5,171.5
91.25,171.25
91.0,171.0
90.75,170.75
90.5,170.5
90.25,170.25
90.0,170.0
89.75,169.75
89.5,169.5
89.81,169.81
90.13,170.13
90.44,170.44
90.75,170.75
91.06,171.06
91.37,171.37
91.69,171.69
92.0,172.0
91.75,171.75
91.5,171.5
91.25,171.25
91.0,171.0
90.75,170.75
90.5,170.5
90.25,170.25
90.0,170.0
90.44,170.44
90.88,170.88
91.31,171.31
91.75,171.75
92.19,172.19
92.62,172.62
93.06,173.06
93.5,173.5
93.62,173.62
93.74000000000001,173.74
93.88,173.88
94.0,174.0
94.12,174.12
94.25999999999999,174.26
94.38,174.38
94.5,174.5
96.68,176.68
98.87,178.87
101.07,181.07
103.25,183.25
105.43,185.43
107.63,187.63
109.82,189.82
112.0,192.0
112.13,192.13
112.25999999999999,192.26
147.63,192.37
112.5,192.5
112.63,192.63
112.74000000000001,192.74
112.87,192.87
113.0,193.0
113.69,193.69
114.37,194.37
115.06,195.06
115.75,195.75
116.44,196.44
117.13,197.13
117.81,197.81
118.5,198.5
118.81,198.81
119.13,199.13
119.44,199.44
119.75,199.75
120.06,200.06
120.37,200.37
120.69,200.69
121.0,201.0
120.75,200.75
120.5,200.5
120.25,200.25
120.0,200.0
119.75,199.75
119.5,199.5
119.25,199.25
119.0,199.0
118.94,198.94
118.88,198.88
118.81,198.81
118.75,198.75
118.69,198.69
118.62,198.62
118.56,198.56
118.5,198.5
117.87,197.87
117.24000000000001,197.24
116.63,196.63
116.0,196.0
115.37,195.37
114.75999999999999,194.76
114.13,194.13
113.5,193.5
113.12,193.12
112.75,192.75
112.38,192.38
112.0,192.0
111.62,191.62
111.25,191.25
110.88,190.88
110.5,190.5
110.32,190.32
110.13,190.13
109.93,189.93
109.75,189.75
109.57,189.57
109.37,189.37
109.18,189.18
109.0,189.0
221.74,188.26
107.5,187.5
106.74000000000001,186.74
106.0,186.0
105.25999999999999,185.26
104.5,184.5
103.74000000000001,183.74
103.0,183.0
102.13,182.13
101.25,181.25
100.37,180.37
99.5,179.5
98.63,178.63
97.75,177.75
96.87,176.87
96.0,176.0
94.75,174.75
93.5,173.5
92.25,172.25
91.0,171.0
89.75,169.75
88.5,168.5
87.25,167.25
86.0,166.0
85.32,165.32
84.63,164.63
83.93,163.93
83.25,163.25
82.57,162.57
81.87,161.87
158.82,161.18
159.5,160.5
79.82,159.82
160.87,159.13
78.43,158.43
77.75,157.75
77.07,157.07
153.63,156.37
75.68,155.68
75.0,155.0
73.93,153.93
12.870000000000005,152.87
11.819999999999993,151.82
10.75,150.75
9.680000000000007,149.68
8.629999999999995,148.63
7.569999999999993,147.57
6.5,146.5
4.689999999999998,144.69
2.8700000000000045,142.87
1.0600000000000023,141.06
0.75,139.25
2.5600000000000023,137.44
5.6299999999999955,135.63
3.8100000000000023,133.81
8.0,132.0
0.5,130.5
1.0,129.0
7.5,127.5
4.0,126.0
5.5,124.5
7.0,123.0
18.5,121.5
10.0,120.0
10.5,119.5
1.0,119.0
1.5,118.5
12.0,118.0
2.5,117.5
3.0,117.0
3.5,116.5
6.0,116.0
4.8700000000000045,114.87
3.75,113.75
7.3700000000000045,112.63
1.5,111.5
0.37000000000000455,110.37
0.75,109.25
1.8700000000000045,108.13
7.0,107.0
4.810000000000002,105.19
6.6299999999999955,103.37
1.5600000000000023,101.56
0.25,99.75
2.0600000000000023,97.94
23.870000000000005,96.13
15.689999999999998,94.31
17.5,92.5
18.310000000000002,91.69
19.120000000000005,90.88
19.939999999999998,90.06
20.75,89.25
21.560000000000002,88.44
22.379999999999995,87.62
23.189999999999998,86.81
24.0,86.0
24.689999999999998,85.31
25.379999999999995,84.62
26.060000000000002,83.94
26.75,83.25
27.439999999999998,82.56
28.120000000000005,81.88
78.81,81.19
79.5,80.5
79.68,80.32
79.87,80.13
80.07,79.93
80.25,79.75
80.43,79.57
80.63,79.37
30.819999999999993,79.18
31.0,79.0
21.0,79.0
1.0,79.0
1.0,79.0
1.0,79.0
1.0,79.0
1.0,79.0
1.0,79.0
1.0,79.0
0.25,79.75
0.5,80.5
1.25,81.25
162.0,82.0
27.25,82.75
36.5,83.5
45.75,84.25
45.0,85.0
54.44,85.56
53.879999999999995,86.12
63.31,86.69
32.0,188.0
32.0,188.0
32.0,188.0
22.0,188.0
22.0,188.0
32.0,188.0
32.0,188.0
32.0,188.0
22.360000000000014,187.64
12.720000000000027,187.27999999999997
23.080000000000013,186.92
23.419999999999987,186.58
43.77999999999997,186.22000000000003
24.139999999999986,185.86
34.5,185.5
33.57000000000002,186.42999999999998
32.639999999999986,187.36
219.70999999999998,188.29000000000002
30.79000000000002,189.20999999999998
29.860000000000014,190.14
28.92999999999998,191.07000000000002
8.0,192.0
28.0,192.0
28.0,192.0
215.0,192.0
28.0,192.0
18.0,192.0
18.0,192.0
18.0,192.0
18.220000000000027,191.77999999999997
28.419999999999987,191.58
28.639999999999986,191.36
28.860000000000014,191.14
29.080000000000013,190.92
29.279999999999973,190.72000000000003
19.5,190.5
29.0,191.0
68.49999999999997,191.50000000000003
108.0,192.0
27.5,192.5
27.00000000000003,192.99999999999997
26.5,193.5
26.0,194.0
35.5,194.5
24.99999999999997,195.00000000000003
24.5,195.5
4.0,196.0
13.500000000000028,196.49999999999997
23.0,197.0
22.5,197.5
22.069999999999993,197.93
21.639999999999986,198.36
11.210000000000008,198.79
10.789999999999992,199.21
10.360000000000014,199.64
19.930000000000007,200.07
9.5,200.5
9.140000000000015,200.85999999999999
8.79000000000002,201.20999999999998
8.430000000000007,201.57
98.07,201.93
17.70999999999998,202.29000000000002
17.359999999999985,202.64000000000001
17.0,203.0
5.650000000000034,204.34999999999997
24.28,205.72
2.930000000000007,207.07
1.5699999999999932,208.43
0.21999999999999886,209.78
1.150000000000034,211.15000000000003
7.5,212.5
6.360000000000014,213.64
5.2099999999999795,214.79000000000002
4.069999999999993,215.93
92.93,217.07
1.7900000000000205,218.20999999999998
9.360000000000014,219.36
0.5,220.5
0.7900000000000205,220.79000000000002
11.070000000000022,221.07000000000002
1.3600000000000136,221.36
11.639999999999986,221.64
8.070000000000022,221.92999999999998
12.20999999999998,222.20999999999998
2.5,222.5
86.57,223.43
15.650000000000006,224.35
5.279999999999973,225.27999999999997
6.220000000000027,226.22000000000003
2.8499999999999943,227.15
183.93,228.07
201.0,229.0
0.0700000000000216,230.07000000000002
11.139999999999986,231.14
12.20999999999998,232.20999999999998
176.70999999999998,233.29000000000002
85.63999999999999,234.36
164.57000000000002,235.42999999999998
16.5,236.5
156.57,236.57
3.3499999999999943,236.65
3.2799999999999727,236.72000000000003
23.220000000000027,236.77999999999997
183.15,236.85
153.07,236.93
23.0,237.0
32.5,237.5
32.00000000000003,237.99999999999997
21.5,238.5
41.0,239.0
60.49999999999997,239.50000000000003
60.0,240.0
39.5,240.5
29.289999999999992,240.71
9.069999999999993,240.93
38.860000000000014,241.14
28.639999999999986,241.36
68.43,241.57
38.21000000000001,241.79
18.0,242.0
27.78,242.22
17.569999999999993,242.43
37.349999999999966,242.65000000000003
37.150000000000034,242.84999999999997
26.930000000000007,243.07
136.72,243.28
26.5,243.5
26.710000000000008,243.29
26.930000000000007,243.07
17.139999999999986,242.86
37.360000000000014,242.64
37.56999999999999,242.43
27.789999999999992,242.21
28.0,242.0
28.0,242.0
28.00000000000003,241.99999999999997
18.0,242.0
28.0,242.0
37.99999999999997,242.00000000000003
28.0,242.0
28.0,242.0
38.22000000000003,241.77999999999997
38.43000000000001,241.57
18.650000000000006,241.35
28.849999999999994,241.15
160.93,240.93
160.72000000000003,240.72000000000003
160.5,240.5
160.07000000000002,240.07000000000002
159.64,239.64
159.20999999999998,239.20999999999998
158.79000000000002,238.79000000000002
31.639999999999986,238.36
42.07000000000002,237.92999999999998
32.5,237.5
22.5,237.5
32.5,237.5
32.5,237.5
32.5,237.5
32.5,237.5
32.5,237.5
22.5,237.5
2.789999999999992,237.21
13.069999999999993,236.93
103.36000000000001,236.64
13.639999999999986,236.36
3.930000000000007,236.07
4.210000000000008,235.79
34.5,235.5
45.139999999999986,234.86
15.789999999999992,234.21
16.430000000000007,233.57
27.069999999999993,232.93
17.710000000000008,232.29
168.36,231.64
169.0,231.0
21.22,228.78
53.43000000000001,226.57
25.650000000000034,224.34999999999997
27.849999999999966,222.15000000000003
20.069999999999993,219.93
22.28,217.72
34.5,215.5
5.279999999999973,215.27999999999997
14.930000000000007,215.07
25.150000000000006,214.85
25.349999999999994,214.65
25.569999999999993,214.43
25.779999999999973,214.22000000000003
26.0,214.0
2.8600000000000136,212.86
28.29000000000002,211.70999999999998
29.42999999999998,210.57000000000002
9.429999999999978,209.42999999999998
1.7099999999999795,208.29000000000002
2.8600000000000136,207.14
34.0,206.0
5.2900000000000205,205.29000000000002
5.429999999999978,204.57000000000002
6.139999999999986,203.86
6.860000000000014,203.14
2.4299999999999784,202.42999999999998
1.7099999999999795,201.70999999999998
1.0,201.0
0.2799999999999727,200.27999999999997
10.430000000000007,199.57
19.150000000000006,198.85
20.849999999999994,198.15
2.569999999999993,197.43
22.279999999999973,196.72000000000003
14.0,196.0
14.789999999999992,195.21
5.569999999999993,194.43
6.360000000000014,193.64
7.139999999999986,192.86
7.930000000000007,192.07
1.289999999999992,191.29
26.5,190.5
10.20999999999998,189.79000000000002
10.930000000000007,189.07
11.639999999999986,188.36
12.360000000000014,187.64
13.069999999999993,186.93
13.79000000000002,186.20999999999998
14.5,185.5
15.359999999999985,184.64000000000001
26.20999999999998,183.79000000000002
27.07000000000002,182.92999999999998
27.92999999999998,182.07000000000002
18.79000000000002,181.20999999999998
9.640000000000015,180.35999999999999
10.5,179.5
20.42999999999998,179.57000000000002
20.359999999999985,179.64000000000001
20.29000000000002,179.70999999999998
10.20999999999998,179.79000000000002
10.140000000000015,179.85999999999999
30.07000000000002,179.92999999999998
30.0,180.0
30.359999999999985,179.64000000000001
20.70999999999998,179.29000000000002
11.070000000000022,178.92999999999998
11.429999999999978,178.57000000000002
21.79000000000002,178.20999999999998
22.140000000000015,177.85999999999999
22.5,177.5
22.420000000000016,177.57999999999998
32.360000000000014,177.64
32.27999999999997,177.72000000000003
22.220000000000027,177.77999999999997
32.139999999999986,177.86
32.079999999999984,177.92000000000002
22.0,178.0
31.569999999999993,178.43
21.139999999999986,178.86
20.710000000000008,179.29
10.289999999999992,179.71
19.860000000000014,180.14
9.430000000000007,180.57
29.0,181.0
19.859999999999985,180.14000000000001
10.70999999999998,179.29000000000002
21.57000000000002,178.42999999999998
22.42999999999998,177.57000000000002
13.29000000000002,176.70999999999998
24.140000000000015,175.85999999999999
5.0,175.0
15.289999999999992,174.71
25.569999999999993,174.43
15.860000000000014,174.14
26.139999999999986,173.86
26.430000000000007,173.57
26.710000000000008,173.29
27.0,173.0
17.349999999999994,172.65
27.72,172.28
18.069999999999993,171.93
18.430000000000007,171.57
28.78,171.22
19.150000000000006,170.85
29.5,170.5
20.70999999999998,169.29000000000002
31.92999999999998,168.07000000000002
33.140000000000015,166.85999999999999
34.359999999999985,165.64000000000001
5.570000000000022,164.42999999999998
226.79000000000002,163.20999999999998
18.0,162.0
28.639999999999986,161.36
29.289999999999992,160.71
219.93,160.07
20.569999999999993,159.43
251.21,158.79
1.8600000000000136,158.14
7.5,157.5
6.650000000000006,156.65
15.780000000000001,155.78
4.930000000000007,154.93
14.069999999999993,154.07
36.78,153.22
37.650000000000006,152.35
38.5,151.5
1.5,151.5
11.5,151.5
228.5,151.5
28.5,151.5
188.5,151.5
258.5,151.5
18.5,151.5
237.86,152.14
147.22000000000003,152.77999999999997
86.57999999999998,153.42000000000002
15.920000000000016,154.07999999999998
4.720000000000027,154.72000000000003
194.64,155.36
243.0,156.0
43.20999999999998,156.79000000000002
7.569999999999993,157.57
51.640000000000015,158.35999999999999
9.140000000000015,159.14000000000001
230.07,159.93
239.29000000000002,160.70999999999998
28.5,161.5
17.930000000000007,162.07
157.35999999999999,162.64000000000001
66.79000000000002,163.20999999999998
26.20999999999998,163.79000000000002
4.359999999999985,164.35999999999999
245.07,164.93
184.5,165.5
243.92,166.08
243.36,166.64
242.77999999999997,167.22000000000003
17.779999999999973,167.77999999999997
231.64,168.36
201.08,168.92
217.5,169.5
228.86,171.14
247.22000000000003,172.77999999999997
14.419999999999987,174.42
163.92,176.08
212.27999999999997,177.72000000000003
60.639999999999986,179.36
229.0,181.0
227.70999999999998,182.29000000000002
206.42999999999998,183.57000000000002
225.14,184.86
203.86,186.14
162.57000000000002,187.42999999999998
201.29000000000002,188.70999999999998
160.0,190.0
18.779999999999973,191.22000000000003
17.569999999999993,192.43
16.349999999999994,193.65
195.15,194.85
13.930000000000007,196.07
2.7200000000000273,197.27999999999997
1.5,198.5
19.79000000000002,200.20999999999998
1.9300000000000068,201.93
16.360000000000014,203.64
24.639999999999986,205.36
2.930000000000007,207.07
1.2099999999999795,208.79000000000002
200.5,210.5
7.930000000000007,212.07
196.35999999999999,213.64000000000001
4.7900000000000205,215.20999999999998
13.20999999999998,216.79000000000002
8.359999999999985,218.35999999999999
0.06999999999999318,219.93
1.5,221.5
8.0,222.0
7.5,222.5
7.0,223.0
16.5,223.5
6.0,224.0
4.5,224.5
15.0,225.0
14.849999999999994,225.15
4.720000000000027,225.27999999999997
4.569999999999993,225.43
14.430000000000007,225.57
4.279999999999973,225.72000000000003
14.150000000000006,225.85
6.0,226.0
13.569999999999993,226.43
13.139999999999986,226.86
2.710000000000008,227.29
12.289999999999992,227.71
1.8600000000000136,228.14
1.4300000000000068,228.57
11.0,229.0
11.0,229.0
11.000000000000028,228.99999999999997
1.0,229.0
11.0,229.0
10.999999999999972,229.00000000000003
9.0,229.0
1.0,229.0
186.27999999999997,228.72000000000003
1.5699999999999932,228.43
1.8499999999999943,228.15
172.15,227.85
2.430000000000007,227.57
2.7200000000000273,227.27999999999997
7.0,227.0
2.7099999999999795,227.29000000000002
7.569999999999993,227.57
32.139999999999986,227.86
81.86000000000001,228.14
1.5699999999999932,228.43
183.29000000000002,228.70999999999998
1.0,229.0
110.93,229.07
10.849999999999966,229.15000000000003
0.7800000000000011,229.22
10.719999999999999,229.28
0.6500000000000341,229.34999999999997
80.57,229.43
80.5,229.5
0.4300000000000068,229.57
182.36,229.64
188.29,229.71
120.21000000000001,229.79
10.139999999999986,229.86
10.069999999999993,229.93
170.0,230.0
59.5,230.5
9.0,231.0
1.4999999999999716,231.49999999999997
17.99999999999997,232.00000000000003
7.5,232.5
7.0,233.0
6.5,233.5
4.430000000000007,234.43
180.64,235.36
113.70999999999998,236.29000000000002
102.79000000000002,237.20999999999998
101.86000000000001,238.14
0.9300000000000068,239.07
100.0,240.0
0.13999999999998636,239.86
9.70999999999998,239.70999999999998
110.43,239.57
0.5699999999999932,239.43
110.70999999999998,239.29000000000002
175.86,239.14
9.0,239.0
8.650000000000006,238.65
8.279999999999973,238.27999999999997
12.069999999999993,237.93
7.569999999999993,237.57
2.7799999999999727,237.22000000000003
16.849999999999994,236.85
6.5,236.5
3.569999999999993,236.43
6.360000000000014,236.36
6.289999999999992,236.29
6.210000000000008,236.21
73.86000000000001,236.14
6.069999999999993,236.07
6.0,236.0
5.289999999999992,235.29
4.569999999999993,234.57
3.8600000000000136,233.86
3.1399999999999864,233.14
2.430000000000007,232.43
1.710000000000008,231.71
1.0,231.0
0.29000000000002046,229.70999999999998
1.5699999999999932,228.43
2.859999999999985,227.14000000000001
4.140000000000015,225.85999999999999
5.430000000000007,224.57
6.7099999999999795,223.29000000000002
199.0,222.0
8.789999999999992,221.21
9.569999999999993,220.43
20.360000000000014,219.64
11.139999999999986,218.86
11.930000000000007,218.07
12.710000000000008,217.29
3.5,216.5
5.430000000000007,214.57
107.34999999999997,212.65000000000003
9.280000000000001,210.72
21.22,208.78
23.150000000000034,206.84999999999997
105.07,204.93
17.0,203.0
28.0,202.0
29.0,201.0
20.0,200.0
181.0,199.0
12.0,198.0
143.0,197.0
24.0,196.0
34.43000000000001,195.57
24.860000000000014,195.14
25.29000000000002,194.70999999999998
125.70999999999998,194.29000000000002
16.139999999999986,193.86
16.569999999999993,193.43
237.0,193.0
26.930000000000007,193.07
136.84999999999997,193.15000000000003
26.779999999999973,193.22000000000003
26.720000000000027,193.27999999999997
16.650000000000034,193.34999999999997
36.56999999999999,193.43
26.5,193.5
16.5,193.5
26.5,193.5
26.5,193.5
26.5,193.5
26.5,193.5
126.5,193.5
26.5,193.5
36.5,193.5
36.5,193.5
26.5,193.5
26.5,193.5
16.5,193.5
26.5,193.5
26.5,193.5
26.069999999999993,193.93
25.639999999999986,194.36
25.20999999999998,194.79000000000002
34.79000000000002,195.20999999999998
24.360000000000014,195.64
33.93000000000001,196.07
23.5,196.5
13.720000000000027,196.27999999999997
23.91999999999996,196.08000000000004
34.139999999999986,195.86
34.360000000000014,195.64
34.58000000000004,195.41999999999996
24.779999999999973,195.22000000000003
218.0,195.0
15.0,195.0
25.0,195.0
25.0,195.0
15.0,195.0
25.0,195.0
25.0,195.0
25.0,195.0
25.0,195.0
14.999999999999972,195.00000000000003
15.0,195.0
15.0,195.0
25.00000000000003,194.99999999999997
25.0,195.0
15.0,195.0
25.150000000000006,194.85
25.279999999999973,194.72000000000003
25.430000000000007,194.57
25.569999999999993,194.43
25.720000000000027,194.27999999999997
25.849999999999994,194.15
26.0,194.0
17.07000000000002,192.92999999999998
28.139999999999986,191.86
19.20999999999998,190.79000000000002
0.29000000000002046,189.70999999999998
11.360000000000014,188.64
92.42999999999998,187.57000000000002
13.5,186.5
209.42999999999998,186.57000000000002
13.360000000000014,186.64
13.29000000000002,186.70999999999998
223.20999999999998,186.79000000000002
143.14,186.86
133.07000000000002,186.92999999999998
173.0,187.0
62.93000000000001,187.07
212.86,187.14
202.79000000000002,187.20999999999998
22.70999999999998,187.29000000000002
102.63999999999999,187.36
22.569999999999993,187.43
102.5,187.5
102.07000000000002,187.92999999999998
11.639999999999986,188.36
101.20999999999998,188.79000000000002
30.79000000000002,189.20999999999998
204.36,189.64
19.92999999999998,190.07000000000002
29.5,190.5
98.78,191.22
28.069999999999993,191.93
27.349999999999966,192.65000000000003
16.650000000000034,193.34999999999997
105.93,194.07
105.22,194.78
24.5,195.5
95.07,194.93
95.65000000000003,194.34999999999997
106.22,193.78
206.78,193.22
117.34999999999997,192.65000000000003
207.93,192.07
18.5,191.5
18.360000000000014,191.64
8.20999999999998,191.79000000000002
28.069999999999993,191.93
7.930000000000007,192.07
12.20999999999998,192.20999999999998
112.36000000000001,192.36
112.5,192.5
112.5,192.5
112.5,192.5
112.5,192.5
112.5,192.5
112.5,192.5
112.5,192.5
112.5,192.5
112.5,192.5
112.5,192.5
112.5,192.5
112.5,192.5
112.5,192.5
112.5,192.5
112.5,192.5
104.5,184.5
96.5,176.5
88.50000000000003,168.50000000000003
80.49999999999997,160.49999999999997
72.5,152.5
5.5,144.5
23.5,136.5
13.710000000000008,136.29
33.93000000000001,136.07
4.139999999999986,135.86
14.360000000000014,135.64
4.569999999999993,135.43
24.789999999999992,135.21
15.0,135.0
4.0,136.0
13.0,137.0
22.0,138.0
11.0,139.0
10.0,140.0
1.0,141.0
2.0,142.0
1.289999999999992,141.29
29.430000000000007,140.57
30.139999999999986,139.86
20.860000000000014,139.14
21.569999999999993,138.43
32.28999999999999,137.71
13.0,137.0
23.849999999999994,136.15
14.719999999999999,135.28
15.569999999999993,134.43
26.430000000000007,133.57
7.280000000000001,132.72
48.150000000000006,131.85
242.0,131.0
8.930000000000007,131.07
28.860000000000014,131.14
18.789999999999992,131.21
28.710000000000008,131.29
38.639999999999986,131.36
38.56999999999999,131.43
28.5,131.5
29.07000000000002,130.92999999999998
19.640000000000015,130.35999999999999
10.20999999999998,129.79000000000002
20.79000000000002,129.20999999999998
41.359999999999985,128.64000000000001
31.92999999999998,128.07000000000002
22.5,127.5
23.150000000000006,126.85
23.78,126.22
24.430000000000007,125.57
25.069999999999993,124.93
25.72,124.28
26.349999999999994,123.65
37.0,123.0
37.43000000000001,122.57
97.85,122.15
208.28,121.72
38.72,121.28
39.150000000000006,120.85
29.569999999999993,120.43
40.0,120.0
40.78999999999999,119.21000000000001
31.569999999999993,118.43
32.360000000000014,117.63999999999999
23.139999999999986,116.86000000000001
23.930000000000007,116.07
94.71000000000001,115.28999999999999
85.5,114.5
28.279999999999973,111.72000000000003
41.079999999999984,108.92000000000002
33.860000000000014,106.13999999999999
36.639999999999986,103.36000000000001
29.420000000000016,100.57999999999998
32.22000000000003,97.77999999999997
45.0,95.0
106.42000000000002,93.57999999999998
107.86000000000001,92.13999999999999
39.27999999999997,90.72000000000003
230.72000000000003,89.27999999999997
42.139999999999986,87.86000000000001
43.579999999999984,86.42000000000002
45.0,85.0
55.07000000000002,84.92999999999998
45.140000000000015,84.85999999999999
55.20999999999998,84.79000000000002
5.2900000000000205,84.70999999999998
225.35999999999999,84.64000000000001
255.42999999999998,84.57000000000002
255.5,84.5
253.71,86.28999999999999
251.93,88.07
40.139999999999986,89.86000000000001
48.360000000000014,91.63999999999999
46.56999999999999,93.43
44.78999999999999,95.21000000000001
43.0,97.0
43.150000000000006,96.85
33.28,96.72
23.430000000000007,96.57
243.57,96.43
243.72,96.28
243.85,96.15
244.0,96.0
243.22,96.78
242.43,97.57
241.65,98.35
240.85,99.15
240.07,99.93
269.28,100.72
28.5,101.5
37.78999999999999,102.21000000000001
237.07,102.93
226.36,103.63999999999999
235.64,104.36000000000001
234.93,105.07
234.21,105.78999999999999
23.5,106.5
223.0,107.0
232.5,107.5
32.0,108.0
21.5,108.5
231.0,109.0
230.5,109.5
20.0,110.0
30.20999999999998,109.79000000000002
20.42999999999998,109.57000000000002
10.639999999999986,109.36000000000001
20.860000000000014,109.13999999999999
31.07000000000002,108.92999999999998
11.29000000000002,108.70999999999998
11.5,108.5
19.639999999999986,110.36000000000001
7.7900000000000205,112.20999999999998
25.92999999999998,114.07000000000002
24.07000000000002,115.92999999999998
42.20999999999998,117.79000000000002
214.36,119.63999999999999
18.5,121.5
47.27999999999997,122.72000000000003
46.06999999999999,123.93
44.849999999999994,125.15
53.650000000000006,126.35
52.43000000000001,127.57
51.22000000000003,128.77999999999997
30.0,130.0
28.289999999999992,131.71
46.56999999999999,133.43
44.860000000000014,135.14
43.139999999999986,136.86
51.43000000000001,138.57
49.71000000000001,140.29
48.0,142.0
36.860000000000014,143.14
45.72000000000003,144.27999999999997
34.58000000000001,145.42
33.41999999999999,146.58
32.27999999999997,147.72000000000003
31.139999999999986,148.86
30.0,150.0
27.849999999999994,152.15
25.720000000000027,154.27999999999997
43.56999999999999,156.43
31.430000000000007,158.57
39.27999999999997,160.72000000000003
37.150000000000006,162.85
45.0,165.0
43.139999999999986,166.86
41.29000000000002,168.70999999999998
29.430000000000007,170.57
37.56999999999999,172.43
35.70999999999998,174.29000000000002
43.860000000000014,176.14
22.0,178.0
21.70999999999998,178.29000000000002
227.43,178.57
31.139999999999986,178.86
30.860000000000014,179.14
30.569999999999993,179.43
30.29000000000002,179.70999999999998
30.0,180.0
19.5,180.5
19.0,181.0
215.5,181.5
18.0,182.0
27.5,182.5
17.0,183.0
16.5,183.5
15.860000000000014,184.14
5.210000000000008,184.79
14.569999999999993,185.43
13.930000000000007,186.07
13.289999999999992,186.71
12.639999999999986,187.36
12.0,188.0
21.5,188.5
21.0,189.0
195.5,189.5
20.0,190.0
19.5,190.5
19.0,191.0
18.5,191.5
17.79000000000002,192.20999999999998
17.069999999999993,192.93
26.360000000000014,193.64
15.639999999999986,194.36
24.930000000000007,195.07
4.2099999999999795,195.79000000000002
23.5,196.5
14.139999999999986,195.86
5.2099999999999795,195.20999999999998
5.430000000000007,194.57
96.07,193.93
6.7099999999999795,193.29000000000002
17.360000000000014,192.64
28.0,192.0
27.849999999999966,192.15000000000003
17.720000000000027,192.27999999999997
17.569999999999993,192.43
17.430000000000007,192.57
7.279999999999973,192.72000000000003
2.849999999999966,192.84999999999997
7.0,193.0
27.0,193.0
17.0,193.0
27.0,193.0
7.0,193.0
17.0,193.0
186.0,193.0
37.0,193.0
37.93000000000001,192.07
18.860000000000014,191.14
9.79000000000002,190.20999999999998
10.70999999999998,189.29000000000002
31.639999999999986,188.36
82.57,187.43
93.5,186.5
184.0,186.0
184.5,185.5
185.0,185.0
205.5,184.5
206.0,184.0
206.5,183.5
127.0,183.0
18.779999999999973,181.22000000000003
20.569999999999993,179.43
32.349999999999966,177.65000000000003
24.150000000000034,175.84999999999997
25.930000000000007,174.07
27.720000000000027,172.27999999999997
29.5,170.5
40.150000000000034,169.84999999999997
40.77999999999997,169.22000000000003
31.430000000000007,168.57
32.06999999999999,167.93
32.72000000000003,167.27999999999997
33.349999999999966,166.65000000000003
34.0,166.0
34.650000000000034,165.34999999999997
35.27999999999997,164.72000000000003
185.93,164.07
166.57,163.43
127.22000000000003,162.77999999999997
27.849999999999966,162.15000000000003
198.5,161.5
29.29000000000002,160.70999999999998
30.069999999999993,159.93
160.86,159.14
231.64,158.36
172.43,157.57
33.20999999999998,156.79000000000002
194.0,156.0
225.5,154.5
187.0,153.0
188.5,151.5
230.0,150.0
191.5,148.5
233.0,147.0
194.5,145.5
195.36,144.64
96.20999999999998,143.79000000000002
47.06999999999999,142.93
47.93000000000001,142.07
61.20999999999998,141.20999999999998
60.360000000000014,140.36
59.5,139.5
59.5,139.5
59.5,139.5
59.5,139.5
99.5,139.5
109.5,139.5
99.5,139.5
159.5,139.5
159.5,139.5
79.5,139.5
79.5,139.5
89.5,139.5
79.5,139.5
99.5,139.5
59.5,139.5
69.5,139.5
99.5,139.5
89.5,139.5
79.5,139.5
19.5,139.5
109.5,139.5
59.5,139.5
61.91999999999996,141.91999999999996
64.36000000000001,144.36
43.22000000000003,146.77999999999997
30.779999999999973,149.22000000000003
18.360000000000014,151.64
15.919999999999959,154.08000000000004
33.5,156.5
23.849999999999966,156.15000000000003
34.22000000000003,155.77999999999997
164.57,155.43
34.93000000000001,155.07
125.27999999999997,154.72000000000003
165.65000000000003,154.34999999999997
184.0,154.0
16.279999999999973,153.72000000000003
166.57,153.43
176.84999999999997,153.15000000000003
27.150000000000034,152.84999999999997
147.43,152.57
17.720000000000027,152.27999999999997
148.0,152.0
168.86,151.14
29.70999999999998,150.29000000000002
170.57,149.43
21.430000000000007,148.57
22.29000000000002,147.70999999999998
23.140000000000015,146.85999999999999
164.0,146.0
164.86,145.14
15.710000000000008,144.29
16.569999999999993,143.43
178.43,142.57
38.28999999999999,141.71
39.139999999999986,140.86
40.0,140.0
30.289999999999992,139.71
170.57,139.43
30.860000000000014,139.14
31.139999999999986,138.86
181.43,138.57
171.71,138.29
172.0,138.0
182.43,137.57
42.859999999999985,137.14000000000001
53.29000000000002,136.70999999999998
33.70999999999998,136.29000000000002
34.140000000000015,135.85999999999999
14.569999999999993,135.43
245.0,135.0
35.56999999999999,134.43
36.140000000000015,133.85999999999999
36.70999999999998,133.29000000000002
37.29000000000002,132.70999999999998
17.859999999999985,132.14000000000001
38.43000000000001,131.57
39.0,131.0
10.069999999999993,129.93
21.150000000000006,128.85
42.22000000000003,127.77999999999997
183.27999999999997,126.72000000000003
34.349999999999994,125.65
195.43,124.57
186.5,123.5
187.36,122.63999999999999
208.20999999999998,121.79000000000002
209.07,120.93
209.93,120.07
40.79000000000002,119.20999999999998
41.639999999999986,118.36000000000001
208.5,117.5
14.080000000000013,115.91999999999999
25.639999999999986,114.36000000000001
209.22000000000003,112.77999999999997
38.77999999999997,111.22000000000003
30.360000000000014,109.63999999999999
201.92000000000002,108.07999999999998
33.5,106.5
43.71000000000001,106.28999999999999
193.93,106.07
204.14,105.86000000000001
214.36,105.63999999999999
224.57,105.43
224.79,105.21000000000001
207.0,105.0
225.5,104.5
226.0,104.0
226.5,103.5
227.0,103.0
227.5,102.5
228.0,102.0
38.5,101.5
39.06999999999999,100.93
39.650000000000006,100.35
210.22,99.78
40.78,99.22
41.349999999999994,98.65
41.93000000000001,98.07
232.5,97.5
232.27999999999997,97.72000000000003
222.07999999999998,97.92000000000002
231.86,98.13999999999999
231.64,98.36000000000001
231.42000000000002,98.57999999999998
221.22000000000003,98.77999999999997
231.0,99.0
221.14,98.86000000000001
221.27999999999997,98.72000000000003
231.42000000000002,98.57999999999998
221.57999999999998,98.42000000000002
231.72000000000003,98.27999999999997
231.86,98.13999999999999
232.0,98.0
231.42999999999998,98.57000000000002
220.85999999999999,99.14000000000001
220.29000000000002,99.70999999999998
229.70999999999998,100.29000000000002
219.14000000000001,100.85999999999999
228.57000000000002,101.42999999999998
218.0,102.0
218.14,101.86000000000001
228.29,101.71000000000001
217.43,101.57
38.56999999999999,101.43
38.71000000000001,101.28999999999999
38.860000000000014,101.13999999999999
249.0,101.0
38.43000000000001,101.57
37.860000000000014,102.13999999999999
37.28999999999999,102.71000000000001
16.710000000000008,103.28999999999999
26.139999999999986,103.86000000000001
35.56999999999999,104.43
45.0,105.0
235.0,105.0
15.0,105.0
5.0,105.0
25.0,105.0
35.0,105.0
25.0,105.0
275.0,105.0
5.139999999999986,104.86000000000001
25.289999999999992,104.71000000000001
25.430000000000007,104.57
35.56999999999999,104.43
15.710000000000008,104.28999999999999
35.860000000000014,104.13999999999999
36.0,104.0
216.78,103.22
227.57,102.43
208.35,101.65
29.150000000000006,100.85
39.93000000000001,100.07
223.72,99.28
201.5,98.5
262.07,97.93
32.639999999999986,97.36000000000001
53.21000000000001,96.78999999999999
53.78999999999999,96.21000000000001
34.360000000000014,95.63999999999999
274.93,95.07
265.5,94.5
246.5,93.5
227.5,92.5
28.5,91.5
109.5,90.5
110.5,89.5
211.5,88.5
222.5,87.5
223.0,87.0
213.5,86.5
214.0,86.0
294.5,85.5
225.0,85.0
45.5,84.5
4.0,84.0
4.639999999999986,84.63999999999999
5.279999999999973,85.27999999999997
5.920000000000016,85.92000000000002
126.57999999999998,86.57999999999998
107.22000000000003,87.22000000000003
107.86000000000001,87.86000000000001
78.5,88.5
28.5,88.5
68.5,88.5
48.5,88.5
48.5,88.5
58.5,88.5
28.5,88.5
48.5,88.5
88.5,88.5
48.5,88.5
118.5,88.5
108.5,88.5
68.5,88.5
68.5,88.5
8.5,88.5
8.5,88.5
88.5,88.5
128.5,88.5
158.5,88.5
148.5,88.5
148.5,88.5
8.5,88.5
11.140000000000015,91.14000000000001
36.20999999999998,93.79000000000002
43.57000000000002,96.42999999999998
30.92999999999998,99.07000000000002
38.29000000000002,101.70999999999998
35.640000000000015,104.35999999999999
33.0,107.0
62.93000000000001,107.07
32.849999999999994,107.15
62.77999999999997,107.22000000000003
32.72000000000003,107.27999999999997
52.650000000000006,107.35
22.569999999999993,107.43
62.5,107.5
61.5,108.5
20.50000000000003,109.49999999999997
59.5,110.5
88.5,111.5
17.49999999999997,112.50000000000003
36.5,113.5
45.5,114.5
44.639999999999986,115.36000000000001
83.77999999999997,116.22000000000003
42.91999999999999,117.08000000000001
42.08000000000001,117.91999999999999
41.22000000000003,118.77999999999997
30.360000000000014,119.63999999999999
39.5,120.5
38.93000000000001,121.07
8.360000000000014,121.63999999999999
37.79000000000002,122.20999999999998
7.2099999999999795,122.79000000000002
26.639999999999986,123.36000000000001
26.069999999999993,123.93
25.5,124.5
24.57000000000002,125.42999999999998
23.639999999999986,126.36000000000001
2.7099999999999795,127.29000000000002
21.79000000000002,128.20999999999998
20.860000000000014,129.14
19.92999999999998,130.07000000000002
9.0,131.0
198.20999999999998,131.79000000000002
27.430000000000007,132.57
166.64000000000001,133.35999999999999
35.859999999999985,134.14000000000001
35.06999999999999,134.93
34.29000000000002,135.70999999999998
33.5,136.5
33.29000000000002,136.70999999999998
6.930000000000007,136.93
162.86,137.14
192.64,137.36
162.43,137.57
182.20999999999998,137.79000000000002
172.0,138.0
171.70999999999998,138.29000000000002
141.43,138.57
171.14,138.86
170.86,139.14
140.57,139.43
170.29000000000002,139.70999999999998
170.0,140.0
169.72000000000003,140.27999999999997
149.43,140.57
60.849999999999966,140.84999999999997
148.84999999999997,141.15000000000003
148.57,141.43
208.27999999999997,141.72000000000003
208.0,142.0
62.139999999999986,142.14
207.70999999999998,142.29000000000002
62.43000000000001,142.43
207.43,142.57
157.29000000000002,142.70999999999998
207.14,142.86
177.0,143.0
206.86,143.14
186.70999999999998,143.29000000000002
186.57,143.43
63.56999999999999,143.57
63.70999999999998,143.70999999999998
146.14,143.86
146.0,144.0
205.14,144.86
65.70999999999998,145.70999999999998
203.43,146.57
202.57,147.43
141.70999999999998,148.29000000000002
140.86,149.14
70.0,150.0
69.93,149.93
170.14,149.86
170.20999999999998,149.79000000000002
200.29000000000002,149.70999999999998
170.36,149.64
170.43,149.57
170.5,149.5
151.36,148.64
184.20999999999998,147.79000000000002
173.07,146.93
173.93,146.07
174.79000000000002,145.20999999999998
175.64,144.36
176.5,143.5
186.20999999999998,143.79000000000002
145.93,144.07
175.64,144.36
175.36,144.64
175.07,144.93
224.79000000000002,145.20999999999998
224.5,145.5
183.57,146.43
182.64,147.36
181.70999999999998,148.29000000000002
150.79000000000002,149.20999999999998
199.86,150.14
168.93,151.07
198.0,152.0
167.29000000000002,152.70999999999998
73.43,153.43
165.86,154.14
175.14,154.86
184.43,155.57
203.70999999999998,156.29000000000002
203.0,157.0
31.139999999999986,158.86
29.279999999999973,160.72000000000003
37.41999999999996,162.58000000000004
25.58000000000004,164.41999999999996
43.72000000000003,166.27999999999997
31.860000000000014,168.14
30.0,170.0
88.5,171.5
137.0,173.0
25.5,174.5
24.0,176.0
22.5,177.5
11.0,179.0
29.5,180.5
19.639999999999986,180.36
159.79000000000002,180.20999999999998
19.930000000000007,180.07
20.069999999999993,179.93
20.20999999999998,179.79000000000002
50.360000000000014,179.64
10.5,179.5
20.779999999999973,179.22000000000003
51.06999999999999,178.93
21.349999999999966,178.65000000000003
51.650000000000034,178.34999999999997
51.93000000000001,178.07
22.22,177.78
22.5,177.5
23.92999999999998,176.07000000000002
15.360000000000014,174.64
156.79000000000002,173.20999999999998
158.20999999999998,171.79000000000002
19.639999999999986,170.36
21.069999999999993,168.93
22.5,167.5
23.650000000000034,166.34999999999997
34.77999999999997,165.22000000000003
25.930000000000007,164.07
27.069999999999993,162.93
88.22000000000003,161.77999999999997
39.349999999999966,160.65000000000003
30.5,159.5
30.430000000000007,159.57
30.349999999999966,159.65000000000003
30.28,159.72
40.22,159.78
30.150000000000034,159.84999999999997
30.069999999999993,159.93
20.0,160.0
20.360000000000014,159.64
40.70999999999998,159.29000000000002
31.07000000000002,158.92999999999998
31.42999999999998,158.57000000000002
21.79000000000002,158.20999999999998
32.139999999999986,157.86
32.5,157.5
32.93000000000001,157.07
43.360000000000014,156.64
43.79000000000002,156.20999999999998
44.20999999999998,155.79000000000002
34.639999999999986,155.36
45.06999999999999,154.93
45.5,154.5
36.71000000000001,153.29
37.93000000000001,152.07
49.139999999999986,150.86
30.360000000000014,149.64
51.56999999999999,148.43
52.78999999999999,147.21
44.0,146.0
94.86000000000001,145.14
45.71000000000001,144.29
46.56999999999999,143.43
57.43000000000001,142.57
48.28999999999999,141.71
39.139999999999986,140.86
50.0,140.0
40.93000000000001,139.07
41.860000000000014,138.14
42.79000000000002,137.20999999999998
43.70999999999998,136.29000000000002
44.639999999999986,135.36
55.56999999999999,134.43
46.5,133.5
56.5,133.5
56.49999999999997,133.50000000000003
56.5,133.5
56.5,133.5
46.50000000000003,133.49999999999997
46.5,133.5
56.5,133.5
19.0,131.0
11.5,128.5
184.00000000000003,125.99999999999997
26.49999999999997,123.50000000000003
29.0,121.0
21.5,118.5
24.0,116.0
35.43000000000001,114.57
36.859999999999985,113.14000000000001
28.29000000000002,111.70999999999998
39.70999999999998,110.29000000000002
41.140000000000015,108.85999999999999
52.57000000000002,107.42999999999998
34.0,106.0
55.0,105.0
36.0,104.0
47.0,103.0
48.0,102.0
49.0,101.0
30.0,100.0
41.0,99.0
41.150000000000006,98.85
31.28,98.72
41.43000000000001,98.57
51.56999999999999,98.43
51.72,98.28
31.849999999999994,98.15
32.0,98.0
31.779999999999973,98.22000000000003
61.579999999999984,98.42000000000002
41.360000000000014,98.63999999999999
31.139999999999986,98.86000000000001
30.920000000000016,99.07999999999998
40.72000000000003,99.27999999999997
40.5,99.5
51.20999999999998,98.79000000000002
31.92999999999998,98.07000000000002
32.640000000000015,97.35999999999999
33.359999999999985,96.64000000000001
24.07000000000002,95.92999999999998
54.79000000000002,95.20999999999998
45.5,94.5
33.72,96.28
41.93000000000001,98.07
40.150000000000006,99.85
48.349999999999994,101.65
36.56999999999999,103.43
34.78,105.22
43.0,107.0
33.139999999999986,106.86000000000001
53.27999999999997,106.72000000000003
43.420000000000016,106.57999999999998
43.579999999999984,106.42000000000002
43.72000000000003,106.27999999999997
43.860000000000014,106.13999999999999
44.0,106.0
237.20999999999998,105.79000000000002
44.42999999999998,105.57000000000002
34.640000000000015,105.35999999999999
34.859999999999985,105.14000000000001
35.07000000000002,104.92999999999998
35.29000000000002,104.70999999999998
45.5,104.5
45.93000000000001,104.07
46.360000000000014,103.63999999999999
46.78999999999999,103.21000000000001
47.21000000000001,102.78999999999999
37.639999999999986,102.36000000000001
58.06999999999999,101.93
38.5,101.5
38.29000000000002,101.70999999999998
38.07000000000002,101.92999999999998
47.859999999999985,102.14000000000001
37.640000000000015,102.35999999999999
47.42999999999998,102.57000000000002
17.20999999999998,102.79000000000002
37.0,103.0
37.43000000000001,102.57
47.849999999999994,102.15
48.28,101.72
38.72,101.28
49.150000000000006,100.85
49.56999999999999,100.43
215.0,100.0
39.360000000000014,100.63999999999999
38.71000000000001,101.28999999999999
48.06999999999999,101.93
37.43000000000001,102.57
36.78999999999999,103.21000000000001
36.139999999999986,103.86000000000001
25.5,104.5
54.359999999999985,105.64000000000001
23.20999999999998,106.79000000000002
22.07000000000002,107.92999999999998
20.92999999999998,109.07000000000002
29.79000000000002,110.20999999999998
28.640000000000015,111.35999999999999
27.5,112.5
47.0,113.0
196.5,113.5
26.0,114.0
25.5,114.5
25.0,115.0
24.5,115.5
54.0,116.0
53.150000000000006,116.85
12.280000000000001,117.72
31.430000000000007,118.57
20.569999999999993,119.43
19.72,120.28
18.849999999999994,121.15
18.0,122.0
202.43,122.57
16.849999999999994,123.15
26.28,123.72
25.72,124.28
25.150000000000006,124.85
24.569999999999993,125.43
24.0,126.0
23.430000000000007,126.57
22.849999999999994,127.15
32.28,127.72
21.72,128.28
41.150000000000006,128.85
30.569999999999993,129.43
30.0,130.0
20.349999999999994,129.65
20.72,129.28
197.07,128.93
21.430000000000007,128.57
21.78,128.22
22.150000000000006,127.85
22.5,127.5
22.150000000000006,127.85
31.78,128.22
21.430000000000007,128.57
31.069999999999993,128.93
20.72,129.28
20.349999999999994,129.65
10.0,130.0
228.64,130.36
19.289999999999992,130.71
189.93,131.07
18.569999999999993,131.43
189.21,131.79
17.860000000000014,132.14
27.5,132.5
17.5,132.5
40.5,179.5
20.399999999999977,179.60000000000002
30.299999999999983,179.70000000000002
10.200000000000017,179.79999999999998
20.100000000000023,179.89999999999998
10.0,180.0
40.70000000000002,179.29999999999998
20.600000000000023,178.60000000000002
12.100000000000023,177.89999999999998
2.799999999999983,177.20000000000002
23.5,176.5
23.69999999999999,176.3
33.89999999999998,176.10000000000002
20.899999999999977,175.89999999999998
34.30000000000001,175.7
24.5,175.5
24.799999999999983,175.20000000000002
25.100000000000023,174.89999999999998
25.399999999999977,174.60000000000002
45.70000000000002,174.29999999999998
6.0,174.0
36.099999999999994,173.9
46.19999999999999,173.8
23.69999999999999,173.7
26.400000000000006,173.6
6.5,173.5
26.900000000000006,173.1
17.30000000000001,172.7
7.699999999999989,172.3
38.099999999999994,171.9
8.5,171.5
38.69999999999999,171.3
18.900000000000006,171.1
39.099999999999994,170.9
14.699999999999989,170.7
9.5,170.5
9.500000000000028,170.49999999999997
29.5,170.5
29.5,170.5
9.499999999999972,170.50000000000003
29.5,170.5
49.19999999999999,170.8
8.900000000000006,171.1
18.599999999999994,171.4
18.30000000000001,171.7
11.0,172.0
28.299999999999983,171.70000000000002
28.599999999999966,171.40000000000003
38.900000000000034,171.09999999999997
9.200000000000017,170.79999999999998
29.5,170.5
27.30000000000001,172.7
25.100000000000023,174.89999999999998
32.89999999999998,177.10000000000002
40.69999999999999,179.3
38.5,181.5
19.50000000000003,180.49999999999997
20.5,179.5
1.5,178.5
32.49999999999997,177.50000000000003
33.5,176.5
23.600000000000023,176.39999999999998
23.700000000000017,176.29999999999998
33.79999999999998,176.20000000000002
23.899999999999977,176.10000000000002
34.0,176.0
33.60000000000002,176.39999999999998
23.200000000000017,176.79999999999998
42.79999999999998,177.20000000000002
32.39999999999998,177.60000000000002
22.0,178.0
21.400000000000006,178.6
20.80000000000001,179.2
10.199999999999989,179.8
19.599999999999994,180.4
19.0,181.0
28.5,181.5
28.00000000000003,181.99999999999997
17.49999999999997,182.50000000000003
37.0,183.0
16.5,183.5
25.00000000000003,184.99999999999997
13.5,186.5
22.0,188.0
20.49999999999997,189.50000000000003
19.0,191.0
25.49999999999997,194.50000000000003
12.0,198.0
18.5,201.5
9.999999999999972,204.99999999999997
21.5,208.5
10.0,210.0
8.499999999999972,211.50000000000003
7.000000000000028,212.99999999999997
5.5,214.5
6.0,216.0
3.0000000000000284,216.99999999999997
28.0,218.0
1.0,219.0
10.000000000000028,220.00000000000003
1.0,221.0
11.0,221.0
8.999999999999972,221.00000000000003
9.000000000000028,220.99999999999997
9.0,221.0
1.0,221.0
8.399999999999977,221.60000000000002
12.199999999999989,222.2
12.800000000000011,222.8
3.3999999999999773,223.39999999999998
6.0,224.0
4.700000000000017,224.70000000000002
5.400000000000034,225.40000000000003
16.099999999999966,226.09999999999997
6.799999999999983,226.79999999999998
7.5,227.5
1.3999999999999773,228.60000000000002
0.29999999999998295,229.70000000000002
0.799999999999983,230.79999999999998
28.100000000000023,231.89999999999998
7.0,233.0
46.900000000000034,233.09999999999997
36.79999999999998,233.20000000000002
6.700000000000017,233.29999999999998
16.599999999999966,233.40000000000003
36.5,233.5
46.599999999999994,233.4
26.69999999999999,233.3
3.1999999999999886,233.2
26.900000000000006,233.1
27.0,233.0
36.900000000000034,233.09999999999997
36.79999999999998,233.20000000000002
13.299999999999983,233.29999999999998
13.400000000000034,233.40000000000003
13.5,233.5
11.199999999999989,231.2
31.099999999999994,228.9
6.599999999999994,226.6
25.69999999999999,224.3
22.0,222.0
20.700000000000017,220.70000000000002
19.399999999999977,219.39999999999998
18.100000000000023,218.10000000000002
6.799999999999983,216.79999999999998
15.5,215.5
14.600000000000023,214.60000000000002
53.69999999999999,213.7
22.80000000000001,212.8
21.899999999999977,211.89999999999998
11.0,211.0
10.400000000000034,210.40000000000003
0.20000000000001705,209.79999999999998
0.799999999999983,209.20000000000002
8.599999999999966,208.59999999999997
8.0,208.0
7.599999999999994,207.6
7.199999999999989,207.2
6.800000000000011,206.8
3.5999999999999943,206.4
6.0,206.0
1.0,201.0
6.0,196.0
1.0,191.0
14.0,186.0
9.0,181.0
20.700000000000017,179.29999999999998
32.400000000000006,177.6
24.099999999999994,175.9
5.799999999999983,174.20000000000002
2.5,172.5
11.800000000000011,171.8
21.100000000000023,171.10000000000002
10.399999999999977,170.39999999999998
9.699999999999989,169.7
31.0,169.0
8.099999999999994,168.1
7.200000000000017,167.20000000000002
16.299999999999983,166.29999999999998
5.400000000000006,165.4
14.5,164.5
23.200000000000017,163.20000000000002
8.099999999999994,161.9
9.400000000000006,160.6
10.700000000000017,159.29999999999998
18.0,158.0
5.599999999999994,154.4
0.8000000000000114,150.8
22.80000000000001,147.2
27.599999999999994,143.6
20.0,140.0
11.699999999999989,138.3
3.4000000000000057,136.6
5.099999999999994,134.9
26.80000000000001,133.2
8.5,131.5
9.0,131.0
29.5,130.5
30.0,130.0
30.5,129.5
31.0,129.0
21.80000000000001,128.2
12.599999999999994,127.4
33.400000000000006,126.6
24.19999999999999,125.80000000000001
25.0,125.0
16.0,124.0
37.0,123.0
28.0,122.0
29.0,121.0
40.0,120.0
30.400000000000006,119.6
30.799999999999983,119.20000000000002
31.200000000000017,118.79999999999998
31.599999999999994,118.4
32.0,118.0
32.099999999999994,117.9
32.20000000000002,117.79999999999998
32.29999999999998,117.70000000000002
32.400000000000006,117.6
42.5,117.5
32.19999999999999,117.80000000000001
31.899999999999977,118.10000000000002
51.60000000000002,118.39999999999998
21.30000000000001,118.69999999999999
21.0,119.0
49.5,120.5
48.0,122.0
16.5,123.5
35.0,125.0
33.5,126.5
22.900000000000006,127.1
12.300000000000011,127.69999999999999
21.69999999999999,128.3
21.099999999999994,128.9
20.5,129.5
10.699999999999989,129.3
40.900000000000006,129.1
41.099999999999994,128.9
41.30000000000001,128.7
21.5,128.5
41.400000000000006,128.6
31.30000000000001,128.7
31.19999999999999,128.8
31.099999999999994,128.9
31.0,129.0
0.8000000000000114,129.2
52.400000000000006,129.4
40.400000000000006,129.6
20.19999999999999,129.8
30.0,130.0
40.20000000000002,129.79999999999998
40.400000000000006,129.6
40.599999999999994,129.4
40.79999999999998,129.20000000000002
11.0,129.0
30.799999999999983,129.20000000000002
40.599999999999994,129.4
40.400000000000006,129.6
40.20000000000002,129.79999999999998
40.0,130.0
41.0,129.0
42.0,128.0
43.0,127.0
44.0,126.0
45.0,125.0
55.89999999999998,124.10000000000002
46.80000000000001,123.19999999999999
37.69999999999999,122.30000000000001
38.60000000000002,121.39999999999998
39.5,120.5
24.80000000000001,117.80000000000001
44.900000000000006,115.1
57.599999999999994,112.4
70.30000000000001,109.69999999999999
73.0,107.0
25.399999999999977,105.39999999999998
0.19999999999998863,103.80000000000001
87.80000000000001,102.19999999999999
79.39999999999998,100.60000000000002
71.0,99.0
81.60000000000002,98.39999999999998
62.19999999999999,97.80000000000001
62.80000000000001,97.19999999999999
53.39999999999998,96.60000000000002
84.0,96.0
84.0,96.0
33.0,96.0
84.0,96.0
54.0,96.0
6.0,96.0
22.5,95.5
85.0,95.0
85.5,94.5
56.0,94.0
76.5,93.5
85.4,94.6
84.29999999999998,95.70000000000002
63.20000000000002,96.79999999999998
52.099999999999994,97.9
71.0,99.0
80.70000000000002,99.29999999999998
80.4,99.6
80.1,99.9
79.79999999999998,100.20000000000002
79.5,100.5
68.80000000000001,101.19999999999999
78.1,101.9
87.4,102.6
96.69999999999999,103.30000000000001
76.0,104.0
54.0,106.0
72.0,108.0
70.0,110.0
68.0,112.0
76.0,114.0
74.0,116.0
62.0,118.0
60.0,120.0
88.0,122.0
56.0,124.0
73.80000000000001,126.19999999999999
51.60000000000002,128.39999999999998
69.39999999999998,130.60000000000002
47.19999999999999,132.8
65.0,135.0
64.80000000000001,135.2
64.6,135.4
74.4,135.6
64.19999999999999,135.8
64.0,136.0
61.39999999999998,138.60000000000002
68.80000000000001,141.2
56.19999999999999,143.8
43.60000000000002,146.39999999999998
51.0,149.0
40.400000000000006,149.6
49.80000000000001,150.2
49.19999999999999,150.8
27.400000000000006,151.4
38.0,152.0
38.400000000000006,151.6
48.80000000000001,151.2
29.19999999999999,150.8
0.4000000000000057,150.4
0.0,150.0
3.799999999999983,153.79999999999998
2.3999999999999773,157.60000000000002
21.399999999999977,161.39999999999998
15.200000000000017,165.20000000000002
19.0,169.0
31.400000000000006,171.4
33.80000000000001,173.8
16.19999999999999,176.2
28.599999999999994,178.6
41.0,181.0
41.80000000000001,181.8
42.599999999999994,182.6
26.599999999999994,183.4
15.800000000000011,184.2
15.0,185.0
12.199999999999989,187.8
9.400000000000006,190.6
3.4000000000000057,193.4
3.8000000000000114,196.2
1.0,199.0
0.0999999999999659,200.09999999999997
8.799999999999983,201.20000000000002
2.299999999999983,202.29999999999998
6.599999999999966,203.40000000000003
5.5,204.5
14.099999999999994,205.9
12.699999999999989,207.3
11.300000000000011,208.7
9.900000000000006,210.1
1.5,211.5
1.1000000000000227,211.10000000000002
0.700000000000017,210.70000000000002
0.29999999999998295,210.29999999999998
9.899999999999977,209.89999999999998
0.5,209.5
10.400000000000006,210.4
1.3000000000000114,211.3
12.199999999999989,212.2
13.099999999999994,213.1
24.0,214.0
4.400000000000006,214.4
14.800000000000011,214.8
25.19999999999999,215.2
5.599999999999994,215.6
16.0,216.0
3.9999999999999716,216.00000000000003
16.0,216.0
16.0,216.0
15.999999999999972,215.99999999999997
4.0,216.0
26.50000000000003,216.50000000000003
3.0,217.0
17.5,217.5
27.99999999999997,217.99999999999997
28.5,218.5
18.899999999999977,218.89999999999998
9.299999999999983,219.29999999999998
29.700000000000017,219.70000000000002
30.100000000000023,220.10000000000002
20.5,220.5
10.099999999999994,220.1
9.699999999999989,219.7
9.300000000000011,219.3
8.900000000000006,218.9
18.5,218.5
18.99999999999997,218.99999999999997
0.5,219.5
10.0,220.0
9.499999999999972,220.50000000000003
11.0,221.0
20.599999999999994,220.6
10.199999999999989,220.2
19.80000000000001,219.8
19.399999999999977,219.39999999999998
9.0,219.0
18.600000000000023,218.60000000000002
8.200000000000045,218.20000000000005
12.200000000000045,217.79999999999995
17.399999999999977,217.39999999999998
17.0,217.0
16.399999999999977,216.39999999999998
5.800000000000011,215.8
14.800000000000011,215.2
4.600000000000023,214.60000000000002
14.0,214.0
7.0,213.0
22.0,212.0
9.0,211.0
20.0,210.0
1.0,209.0
11.300000000000011,208.7
1.6000000000000227,208.39999999999998
11.899999999999977,208.10000000000002
7.800000000000011,207.8
2.5,207.5
2.6000000000000227,207.39999999999998
12.699999999999989,207.3
17.19999999999999,207.2
2.8999999999999773,207.10000000000002
7.0,207.0
6.800000000000011,206.8
6.600000000000023,206.60000000000002
6.399999999999977,206.39999999999998
16.19999999999999,206.2
24.0,206.0
14.699999999999989,204.7
6.599999999999966,203.40000000000003
2.099999999999966,202.09999999999997
0.8000000000000114,200.8
0.5,199.5
20.19999999999999,199.8
9.899999999999977,200.10000000000002
0.39999999999997726,200.39999999999998
0.6999999999999886,200.7
11.0,201.0
10.800000000000011,200.8
0.6000000000000227,200.60000000000002
9.600000000000023,200.39999999999998
9.800000000000011,200.2
20.0,200.0
0.0,200.0
10.0,200.0
0.0,200.0
30.0,200.0
20.0,200.0
0.0,200.0
0.0,200.0
20.0,200.0
0.0,200.0
17.0,200.0
11.599999999999966,198.40000000000003
3.1999999999999886,196.8
14.800000000000011,195.2
16.400000000000034,193.59999999999997
8.0,192.0
19.900000000000034,190.09999999999997
21.80000000000001,188.2
13.699999999999989,186.3
15.599999999999966,184.40000000000003
27.5,182.5
19.400000000000034,180.59999999999997
21.30000000000001,178.7
23.19999999999999,176.8
25.099999999999966,174.90000000000003
27.0,173.0
39.80000000000001,170.2
32.599999999999966,167.40000000000003
35.400000000000034,164.59999999999997
38.19999999999999,161.8
41.0,159.0
46.30000000000001,153.7
41.599999999999966,148.40000000000003
66.90000000000003,143.09999999999997
72.19999999999999,137.8
67.5,132.5
59.099999999999966,130.90000000000003
70.69999999999999,129.3
72.30000000000001,127.69999999999999
83.90000000000003,126.09999999999997
75.5,124.5
73.69999999999999,126.30000000000001
71.89999999999998,128.10000000000002
60.10000000000002,129.89999999999998
68.30000000000001,131.7
66.5,133.5
64.69999999999999,135.3
52.89999999999998,137.10000000000002
71.10000000000002,138.89999999999998
59.30000000000001,140.7
57.5,142.5
66.40000000000003,143.59999999999997
45.30000000000001,144.7
54.19999999999999,145.8
53.099999999999966,146.90000000000003
42.0,148.0
52.30000000000001,147.7
52.599999999999966,147.40000000000003
52.900000000000034,147.09999999999997
53.19999999999999,146.8
53.5,146.5
53.700000000000045,146.29999999999995
53.89999999999998,146.10000000000002
54.10000000000002,145.89999999999998
54.299999999999955,145.70000000000005
54.5,145.5
54.400000000000034,145.59999999999997
34.30000000000001,145.7
54.19999999999999,145.8
44.099999999999966,145.90000000000003
44.0,146.0
50.69999999999999,149.3
37.400000000000034,152.59999999999997
34.099999999999966,155.90000000000003
30.80000000000001,159.2
27.5,162.5
28.5,161.5
39.5,160.5
30.5,159.5
31.5,158.5
42.5,157.5
32.60000000000002,157.39999999999998
32.69999999999999,157.3
32.80000000000001,157.2
42.89999999999998,157.10000000000002
33.0,157.0
44.30000000000001,155.7
45.599999999999966,154.40000000000003
36.900000000000034,153.09999999999997
28.19999999999999,151.8
39.5,150.5
40.69999999999999,149.3
41.900000000000034,148.09999999999997
33.099999999999966,146.90000000000003
54.30000000000001,145.7
65.5,144.5
47.60000000000002,142.39999999999998
49.69999999999999,140.3
51.80000000000001,138.2
53.89999999999998,136.10000000000002
56.0,134.0
56.5,133.5
57.0,133.0
57.5,132.5
58.0,132.0
68.5,131.5
69.69999999999999,130.3
60.900000000000006,129.1
72.1,127.9
73.30000000000001,126.69999999999999
44.5,125.5
57.0,123.0
49.5,120.5
52.0,118.0
64.5,115.5
77.0,113.0
49.10000000000002,110.89999999999998
71.19999999999999,108.80000000000001
83.30000000000001,106.69999999999999
55.39999999999998,104.60000000000002
57.5,102.5
69.1,100.9
60.69999999999999,99.30000000000001
72.30000000000001,97.69999999999999
83.9,96.1
45.5,94.5
76.79999999999998,93.20000000000002
48.099999999999994,91.9
39.400000000000006,90.6
80.70000000000002,89.29999999999998
42.0,88.0
43.099999999999994,86.9
74.19999999999999,85.80000000000001
55.30000000000001,84.69999999999999
76.4,83.6
37.5,82.5
48.400000000000006,81.6
59.30000000000001,80.69999999999999
70.19999999999999,79.80000000000001
81.1,78.9
62.0,78.0
43.20000000000002,76.79999999999998
44.400000000000006,75.6
75.6,74.4
46.79999999999998,73.20000000000002
68.0,72.0
68.5,71.5
79.0,71.0
79.5,70.5
60.0,70.0
60.5,69.5
62.0,68.0
33.5,66.5
65.0,65.0
76.5,63.5
78.0,62.0
80.19999999999999,59.80000000000001
82.4,57.599999999999994
84.6,55.400000000000006
86.80000000000001,53.19999999999999
89.0,51.0
89.1,50.900000000000006
39.19999999999999,50.80000000000001
29.30000000000001,50.69999999999999
109.4,50.599999999999994
31.5,50.5
90.6,49.400000000000006
61.70000000000002,48.29999999999998
12.799999999999983,47.20000000000002
93.9,46.099999999999994
95.0,45.0
74.0,46.0
73.0,47.0
22.0,48.0
71.0,49.0
70.0,50.0
69.0,51.0
18.0,52.0
17.0,53.0
86.0,54.0
55.0,55.0
16.700000000000017,53.29999999999998
68.4,51.599999999999994
90.1,49.900000000000006
31.799999999999983,48.20000000000002
13.5,46.5
73.0,47.0
32.5,47.5
42.0,48.0
21.5,48.5
21.0,49.0
20.400000000000006,49.599999999999994
79.79999999999998,50.20000000000002
89.20000000000002,50.79999999999998
88.6,51.400000000000006
68.0,52.0
2.1000000000000227,52.10000000000002
17.80000000000001,52.19999999999999
77.69999999999999,52.30000000000001
17.600000000000023,52.39999999999998
87.5,52.5
17.600000000000023,52.39999999999998
77.69999999999999,52.30000000000001
7.800000000000011,52.19999999999999
67.89999999999998,52.10000000000002
8.0,52.0
9.399999999999977,50.60000000000002
80.80000000000001,49.19999999999999
12.199999999999989,47.80000000000001
16.399999999999977,46.39999999999998
35.0,45.0
115.6,45.599999999999994
116.20000000000002,46.20000000000002
86.79999999999998,46.79999999999998
137.4,47.400000000000006
138.0,48.0
138.1,48.099999999999994
138.20000000000002,48.20000000000002
138.29999999999998,48.29999999999998
118.4,48.400000000000006
118.5,48.5
86.80000000000001,46.80000000000001
125.1,45.099999999999994
123.4,43.400000000000006
111.69999999999999,41.69999999999999
130.0,40.0
109.30000000000001,39.30000000000001
108.6,38.599999999999994
127.9,37.900000000000006
27.19999999999999,37.19999999999999
116.5,36.5
136.9,36.900000000000006
117.30000000000001,37.30000000000001
117.69999999999999,37.69999999999999
118.1,38.099999999999994
118.5,38.5
118.29999999999998,38.29999999999998
118.09999999999997,38.099999999999966
137.90000000000003,37.900000000000034
117.70000000000002,37.70000000000002
117.5,37.5
117.69999999999999,37.69999999999999
117.89999999999998,37.89999999999998
128.10000000000002,38.10000000000002
118.30000000000001,38.30000000000001
128.5,38.5
129.4,39.400000000000006
120.30000000000001,40.30000000000001
121.19999999999999,41.19999999999999
132.1,42.099999999999994
123.0,43.0
113.29999999999998,43.29999999999998
133.60000000000002,43.60000000000002
133.89999999999998,43.89999999999998
124.20000000000002,44.20000000000002
124.5,44.5
125.70000000000002,45.70000000000002
136.89999999999998,46.89999999999998
118.10000000000002,48.10000000000002
139.29999999999998,49.29999999999998
130.5,50.5
133.00000000000003,53.00000000000003
135.5,55.5
128.0,58.0
140.49999999999997,60.49999999999997
143.0,63.0
145.5,65.5
148.00000000000003,68.00000000000003
150.49999999999997,70.49999999999997
153.0,73.0
85.5,75.5
135.4,75.4
155.3,75.30000000000001
75.19999999999999,75.19999999999999
155.10000000000002,75.10000000000002
145.0,75.0
145.89999999999998,75.89999999999998
136.79999999999995,76.79999999999995
157.70000000000005,77.70000000000005
148.60000000000002,78.60000000000002
79.5,79.5
39.89999999999998,79.89999999999998
59.69999999999999,80.30000000000001
89.30000000000001,80.69999999999999
38.89999999999998,81.10000000000002
38.5,81.5
23.0,83.0
85.5,84.5
54.0,86.0
82.5,87.5
81.0,89.0
30.5,90.5
68.0,92.0
56.5,93.5
65.0,95.0
93.5,96.5
63.10000000000002,96.89999999999998
62.69999999999999,97.30000000000001
62.30000000000001,97.69999999999999
81.89999999999998,98.10000000000002
81.5,98.5
41.900000000000034,98.09999999999997
82.30000000000001,97.69999999999999
82.69999999999999,97.30000000000001
43.099999999999966,96.90000000000003
83.5,96.5
91.60000000000002,98.39999999999998
79.69999999999999,100.30000000000001
57.80000000000001,102.19999999999999
65.89999999999998,104.10000000000002
54.0,106.0
73.10000000000002,106.89999999999998
82.19999999999999,107.80000000000001
81.30000000000001,108.69999999999999
80.39999999999998,109.60000000000002
79.5,110.5
78.5,111.5
77.5,112.5
76.5,113.5
55.5,114.5
54.5,115.5
83.5,116.5
72.5,117.5
61.5,118.5
60.5,119.5
35.5,120.5
68.40000000000003,121.59999999999997
47.30000000000001,122.69999999999999
66.19999999999999,123.80000000000001
55.099999999999966,124.90000000000003
54.0,126.0
61.19999999999999,128.8
78.39999999999998,131.60000000000002
75.60000000000002,134.39999999999998
42.80000000000001,137.2
50.0,140.0
56.60000000000002,143.39999999999998
43.19999999999999,146.8
39.80000000000001,150.2
26.399999999999977,153.60000000000002
23.0,157.0
21.30000000000001,158.7
19.600000000000023,160.39999999999998
27.899999999999977,162.10000000000002
26.19999999999999,163.8
24.5,165.5
15.300000000000011,164.7
16.099999999999966,163.90000000000003
16.900000000000034,163.09999999999997
17.69999999999999,162.3
28.5,161.5
28.599999999999966,161.40000000000003
38.69999999999999,161.3
18.80000000000001,161.2
18.900000000000034,161.09999999999997
19.0,161.0
18.900000000000034,161.09999999999997
18.80000000000001,161.2
38.69999999999999,161.3
18.599999999999966,161.40000000000003
18.5,161.5
19.700000000000045,160.29999999999995
40.89999999999998,159.10000000000002
22.100000000000023,157.89999999999998
43.299999999999955,156.70000000000005
24.5,155.5
25.5,154.5
26.5,153.5
27.5,152.5
38.5,151.5
29.5,150.5
30.5,149.5
31.5,148.5
32.5,147.5
43.5,146.5
44.5,145.5
34.89999999999998,145.10000000000002
55.30000000000001,144.7
35.69999999999999,144.3
36.10000000000002,143.89999999999998
46.5,143.5
47.5,142.5
58.5,141.5
39.5,140.5
60.5,139.5
41.5,138.5
41.5,138.5
51.5,138.5
41.5,138.5
41.5,138.5
51.5,138.5
41.5,138.5
41.5,138.5
41.5,138.5
51.5,138.5
41.5,138.5
61.5,138.5
41.5,138.5
41.5,138.5
41.5,138.5
33.5,138.5
41.30000000000001,138.7
41.099999999999966,138.90000000000003
40.900000000000034,139.09999999999997
40.69999999999999,139.3
40.5,139.5
41.89999999999998,138.10000000000002
33.30000000000001,136.7
44.69999999999999,135.3
46.10000000000002,133.89999999999998
37.5,132.5
39.799999999999955,130.20000000000005
42.10000000000002,127.89999999999998
44.39999999999998,125.60000000000002
63.299999999999955,123.29999999999995
51.0,121.0
53.299999999999955,116.70000000000005
42.39999999999998,112.39999999999998
38.10000000000002,108.10000000000002
43.799999999999955,103.79999999999995
39.5,99.5
26.100000000000023,96.10000000000002
22.69999999999999,92.69999999999999
39.30000000000001,89.30000000000001
15.899999999999977,85.89999999999998
22.5,82.5
21.099999999999966,81.09999999999997
49.69999999999999,79.69999999999999
48.30000000000001,78.30000000000001
26.900000000000034,76.90000000000003
15.5,75.5
15.699999999999989,75.69999999999999
45.89999999999998,75.89999999999998
46.10000000000002,76.10000000000002
36.30000000000001,76.30000000000001
36.5,76.5
26.5,76.5
46.5,76.5
26.5,76.5
46.5,76.5
36.5,76.5
46.900000000000034,76.90000000000003
47.30000000000001,77.30000000000001
17.69999999999999,77.69999999999999
48.099999999999966,78.09999999999997
48.5,78.5
47.400000000000034,77.40000000000003
46.30000000000001,76.30000000000001
15.199999999999989,75.19999999999999
44.099999999999966,74.09999999999997
23.0,73.0
13.699999999999989,73.69999999999999
34.39999999999998,74.39999999999998
15.100000000000023,75.10000000000002
5.800000000000011,75.80000000000001
16.5,76.5
47.0,77.0
37.5,77.5
38.0,78.0
38.5,78.5
9.0,79.0
39.30000000000001,79.30000000000001
29.600000000000023,79.60000000000002
59.89999999999998,79.89999999999998
20.19999999999999,80.19999999999999
40.5,80.5
40.80000000000001,80.80000000000001
41.10000000000002,81.10000000000002
51.39999999999998,81.39999999999998
41.69999999999999,81.69999999999999
62.0,82.0
31.5,81.5
41.0,81.0
40.5,80.5
20.0,80.0
39.5,79.5
18.799999999999955,78.79999999999995
28.100000000000023,78.10000000000002
67.39999999999998,77.39999999999998
16.700000000000045,76.70000000000005
56.0,76.0
24.799999999999955,74.79999999999995
43.60000000000002,73.60000000000002
62.39999999999998,72.39999999999998
21.200000000000045,71.20000000000005
20.0,70.0
30.0,70.0
50.0,70.0
30.0,70.0
40.0,70.0
30.0,70.0
28.399999999999977,68.39999999999998
56.80000000000001,66.80000000000001
15.199999999999989,65.19999999999999
33.60000000000002,63.60000000000002
22.0,62.0
41.10000000000002,61.10000000000002
20.200000000000045,60.200000000000045
129.29999999999995,59.299999999999955
58.39999999999998,58.39999999999998
17.5,57.5
26.600000000000023,56.60000000000002
35.700000000000045,55.700000000000045
34.799999999999955,54.799999999999955
23.899999999999977,53.89999999999998
43.0,53.0
111.80000000000001,51.80000000000001
110.60000000000002,50.60000000000002
39.39999999999998,49.39999999999998
118.19999999999999,48.19999999999999
127.0,47.0
26.599999999999966,46.599999999999966
36.19999999999999,46.19999999999999
125.80000000000001,45.80000000000001
135.40000000000003,45.400000000000034
25.0,45.0
122.80000000000001,42.80000000000001
120.59999999999997,40.599999999999966
128.4,38.400000000000006
106.19999999999999,36.19999999999999
104.0,34.0
122.5,32.5
110.99999999999997,30.99999999999997
109.50000000000003,29.50000000000003
108.0,28.0
106.5,26.5
104.80000000000001,24.80000000000001
103.10000000000002,23.100000000000023
91.39999999999998,21.399999999999977
99.69999999999999,19.69999999999999
98.0,18.0
106.30000000000001,16.30000000000001
94.6,14.599999999999994
102.9,12.900000000000006
101.19999999999999,11.199999999999989
89.5,9.5
89.59999999999997,9.599999999999966
89.70000000000002,9.700000000000017
109.79999999999998,9.799999999999983
89.90000000000003,9.900000000000034
100.0,10.0
100.19999999999999,10.199999999999989
110.4,10.400000000000006
100.6,10.599999999999994
100.80000000000001,10.800000000000011
101.0,11.0
100.60000000000002,10.600000000000023
100.20000000000002,10.200000000000017
109.79999999999998,9.799999999999983
109.39999999999998,9.399999999999977
109.0,9.0
107.29999999999998,7.299999999999983
95.60000000000002,5.600000000000023
93.89999999999998,3.8999999999999773
102.20000000000002,2.200000000000017
100.5,0.5
89.5,0.5
98.49999999999997,1.5000000000000284
87.50000000000003,2.4999999999999716
76.5,3.5
85.5,4.5
85.59999999999997,4.400000000000034
95.70000000000002,4.299999999999983
75.79999999999998,4.200000000000017
95.90000000000003,4.099999999999966
76.0,4.0
86.10000000000002,3.8999999999999773
96.19999999999999,3.8000000000000114
86.30000000000001,3.6999999999999886
96.39999999999998,3.6000000000000227
96.5,3.5
96.79999999999998,3.200000000000017
127.10000000000002,2.8999999999999773
97.39999999999998,2.6000000000000227
97.70000000000002,2.299999999999983
78.0,2.0
88.80000000000001,1.1999999999999886
89.6,0.4000000000000057
90.4,0.4000000000000057
101.19999999999999,1.1999999999999886
92.0,2.0
95.30000000000001,5.300000000000011
98.60000000000002,8.600000000000023
111.89999999999998,11.899999999999977
115.19999999999999,15.199999999999989
108.5,18.5
120.6,20.599999999999994
112.69999999999999,22.69999999999999
124.80000000000001,24.80000000000001
116.9,26.900000000000006
129.0,29.0
117.20000000000002,27.200000000000017
125.40000000000003,25.400000000000034
113.59999999999997,23.599999999999966
111.79999999999998,21.799999999999983
110.0,20.0
131.39999999999998,21.399999999999977
122.80000000000001,22.80000000000001
114.19999999999999,24.19999999999999
115.60000000000002,25.600000000000023
117.0,27.0
117.89999999999998,27.899999999999977
118.80000000000001,28.80000000000001
119.69999999999999,29.69999999999999
120.60000000000002,30.600000000000023
121.5,31.5
113.5,33.5
125.49999999999997,35.49999999999997
127.50000000000003,37.50000000000003
119.5,39.5
131.5,41.5
136.0,46.0
80.5,50.5
105.0,55.0
79.5,59.5
144.0,64.0
143.7,63.69999999999999
113.4,63.400000000000006
153.1,63.099999999999994
142.8,62.80000000000001
152.5,62.5
124.20000000000002,64.20000000000002
115.9,65.9
117.6,67.6
129.29999999999998,69.29999999999998
131.0,71.0
121.4,71.4
131.8,71.80000000000001
2.1999999999999886,72.19999999999999
7.400000000000006,72.6
43.0,73.0
132.8,72.80000000000001
2.6000000000000227,72.60000000000002
72.39999999999998,72.39999999999998
122.19999999999999,72.19999999999999
142.0,72.0
161.1,71.1
160.20000000000002,70.20000000000002
139.29999999999998,69.29999999999998
138.4,68.4
137.5,67.5
157.2,67.19999999999999
106.9,66.9
116.6,66.6
136.3,66.30000000000001
56.0,66.0
137.9,67.9
149.8,69.80000000000001
161.7,71.69999999999999
123.6,73.6
125.5,75.5
26.200000000000017,76.20000000000002
156.9,76.9
147.6,77.6
51.70000000000002,78.29999999999998
61.0,79.0
50.60000000000002,80.60000000000002
47.80000000000001,82.19999999999999
66.19999999999999,83.80000000000001
44.60000000000002,85.39999999999998
43.0,87.0
40.900000000000006,89.1
38.79999999999998,91.20000000000002
36.70000000000002,93.29999999999998
34.599999999999994,95.4
32.5,97.5
29.400000000000006,100.6
26.30000000000001,103.69999999999999
43.19999999999999,106.80000000000001
69.9,109.9
17.0,113.0
37.19999999999999,112.80000000000001
37.400000000000006,112.6
47.599999999999994,112.4
47.80000000000001,112.19999999999999
58.0,112.0
47.69999999999999,112.30000000000001
37.39999999999998,112.60000000000002
47.10000000000002,112.89999999999998
26.80000000000001,113.19999999999999
66.5,113.5
47.0,113.0
57.5,112.5
58.0,112.0
38.5,111.5
59.0,111.0
58.599999999999966,111.40000000000003
58.19999999999999,111.80000000000001
37.80000000000001,112.19999999999999
57.400000000000034,112.59999999999997
67.0,113.0
66.30000000000001,113.69999999999999
45.599999999999966,114.40000000000003
54.900000000000034,115.09999999999997
54.19999999999999,115.80000000000001
53.5,116.5
32.099999999999966,117.90000000000003
60.69999999999999,119.30000000000001
69.30000000000001,120.69999999999999
27.900000000000034,122.09999999999997
66.5,123.5
66.60000000000002,123.39999999999998
56.700000000000045,123.29999999999995
66.79999999999995,123.20000000000005
66.89999999999998,123.10000000000002
57.0,123.0
65.69999999999999,124.30000000000001
54.400000000000034,125.59999999999997
43.099999999999966,126.90000000000003
61.80000000000001,128.2
50.5,129.5
59.89999999999998,130.10000000000002
59.30000000000001,130.7
48.69999999999999,131.3
58.10000000000002,131.89999999999998
37.5,132.5
45.19999999999999,134.8
42.900000000000034,137.09999999999997
30.599999999999966,139.40000000000003
48.30000000000001,141.7
46.0,144.0
46.69999999999999,143.3
47.39999999999998,142.60000000000002
48.10000000000002,141.89999999999998
48.80000000000001,141.2
49.5,140.5
50.69999999999999,139.3
71.90000000000003,138.09999999999997
43.099999999999966,136.90000000000003
54.30000000000001,135.7
45.5,134.5
43.10000000000002,136.89999999999998
40.69999999999999,139.3
38.30000000000001,141.7
35.89999999999998,144.10000000000002
33.5,146.5
33.69999999999999,146.3
33.900000000000034,146.09999999999997
34.099999999999966,145.90000000000003
34.30000000000001,145.7
34.5,145.5
45.400000000000034,144.59999999999997
36.30000000000001,143.7
37.19999999999999,142.8
38.099999999999966,141.90000000000003
39.0,141.0
39.0,141.0
39.0,141.0
49.0,141.0
39.0,141.0
39.0,141.0
40.10000000000002,139.89999999999998
41.19999999999999,138.8
42.30000000000001,137.7
43.39999999999998,136.60000000000002
44.5,135.5
44.80000000000001,135.2
45.10000000000002,134.89999999999998
45.39999999999998,134.60000000000002
37.69999999999999,134.3
56.0,134.0
47.19999999999999,132.8
48.400000000000034,131.59999999999997
49.599999999999966,130.40000000000003
50.80000000000001,129.2
52.0,128.0
51.39999999999998,128.60000000000002
50.80000000000001,129.2
50.19999999999999,129.8
49.60000000000002,130.39999999999998
49.0,131.0
48.69999999999999,131.3
68.39999999999998,131.60000000000002
48.10000000000002,131.89999999999998
57.80000000000001,132.2
47.5,132.5
47.30000000000001,132.7
47.099999999999966,132.90000000000003
46.900000000000034,133.09999999999997
66.69999999999999,133.3
46.5,133.5
46.5,133.5
46.5,133.5
46.5,133.5
46.5,133.5
46.5,133.5
46.60000000000002,133.39999999999998
46.69999999999999,133.3
46.80000000000001,133.2
46.89999999999998,133.10000000000002
47.0,133.0
46.10000000000002,133.89999999999998
45.19999999999999,134.8
44.30000000000001,135.7
43.39999999999998,136.60000000000002
42.5,137.5
37.400000000000034,142.59999999999997
32.30000000000001,147.7
27.19999999999999,152.8
42.099999999999966,157.90000000000003
1.0,163.0
34.599999999999966,165.40000000000003
22.19999999999999,167.8
9.800000000000011,170.2
7.400000000000034,172.59999999999997
15.0,175.0
6.0,174.0
7.0,173.0
28.0,172.0
29.0,171.0
30.0,170.0
28.0,172.0
26.0,174.0
24.0,176.0
12.0,178.0
30.0,180.0
0.30000000000001137,179.7
10.599999999999966,179.40000000000003
20.900000000000034,179.09999999999997
1.1999999999999886,178.8
11.5,178.5
11.5,178.5
1.5,178.5
11.5,178.5
1.5,178.5
1.5,178.5
2.6999999999999886,177.3
3.900000000000034,176.09999999999997
5.099999999999966,174.90000000000003
16.30000000000001,173.7
7.5,172.5
7.899999999999977,172.10000000000002
8.300000000000011,171.7
18.69999999999999,171.3
9.100000000000023,170.89999999999998
19.5,170.5
20.5,169.5
41.5,168.5
22.5,167.5
23.5,166.5
34.5,165.5
24.899999999999977,165.10000000000002
25.30000000000001,164.7
45.69999999999999,164.3
3.1000000000000227,163.89999999999998
26.5,163.5
27.19999999999999,162.8
27.899999999999977,162.10000000000002
28.600000000000023,161.39999999999998
29.30000000000001,160.7
30.0,160.0
31.099999999999966,158.90000000000003
32.19999999999999,157.8
23.30000000000001,156.7
24.400000000000034,155.59999999999997
25.5,154.5
36.099999999999966,153.90000000000003
26.69999999999999,153.3
37.30000000000001,152.7
37.900000000000034,152.09999999999997
35.5,151.5
50.19999999999999,149.8
31.900000000000034,148.09999999999997
33.599999999999966,146.40000000000003
35.30000000000001,144.7
47.0,143.0
28.19999999999999,141.8
29.399999999999977,140.60000000000002
40.60000000000002,139.39999999999998
31.80000000000001,138.2
33.0,137.0
55.10000000000002,134.89999999999998
47.19999999999999,132.8
39.30000000000001,130.7
61.39999999999998,128.60000000000002
63.5,126.5
55.400000000000034,124.59999999999997
47.30000000000001,122.69999999999999
59.20000000000002,120.79999999999998
51.099999999999966,118.90000000000003
53.0,117.0
44.400000000000034,115.59999999999997
35.79999999999998,114.20000000000002
67.20000000000002,112.79999999999998
48.599999999999966,111.40000000000003
50.0,110.0
51.10000000000002,108.89999999999998
34.20000000000002,107.79999999999998
63.29999999999998,106.70000000000002
54.39999999999998,105.60000000000002
55.5,104.5
48.69999999999999,101.30000000000001
71.9,98.1
35.099999999999994,94.9
38.30000000000001,91.69999999999999
41.5,88.5
43.30000000000001,86.69999999999999
65.1,84.9
56.900000000000006,83.1
68.69999999999999,81.30000000000001
60.5,79.5
51.69999999999999,78.30000000000001
42.900000000000006,77.1
64.1,75.9
65.30000000000001,74.69999999999999
36.5,73.5
49.70000000000002,70.29999999999998
52.900000000000006,67.1
56.099999999999994,63.900000000000006
49.29999999999998,60.70000000000002
62.5,57.5
64.0,56.0
65.5,54.5
67.0,53.0
88.5,51.5
80.0,50.0
70.5,49.5
81.0,49.0
91.5,48.5
82.0,48.0
72.5,47.5
72.30000000000001,47.69999999999999
72.1,47.900000000000006
81.9,48.099999999999994
61.69999999999999,48.30000000000001
61.5,48.5
82.6,47.400000000000006
83.70000000000002,46.29999999999998
84.79999999999998,45.20000000000002
15.900000000000006,44.099999999999994
67.0,43.0
18.30000000000001,41.69999999999999
69.6,40.400000000000006
80.9,39.099999999999994
22.19999999999999,37.80000000000001
83.5,36.5
113.5,36.5
93.5,36.5
33.5,36.5
33.5,36.5
53.5,36.5
84.30000000000001,35.69999999999999
15.100000000000023,34.89999999999998
105.89999999999998,34.10000000000002
26.69999999999999,33.30000000000001
37.5,32.5
88.20000000000002,31.799999999999983
108.9,31.099999999999994
39.599999999999994,30.400000000000006
30.299999999999983,29.700000000000017
81.0,29.0
31.299999999999983,28.700000000000017
91.6,28.400000000000006
31.900000000000006,28.099999999999994
59.20000000000002,27.799999999999983
42.5,27.5
39.5,30.5
36.5,33.5
73.5,36.5
70.5,39.5
67.5,42.5
17.599999999999994,42.400000000000006
17.69999999999999,42.30000000000001
27.80000000000001,42.19999999999999
17.900000000000006,42.099999999999994
68.0,42.0
67.4,42.599999999999994
66.80000000000001,43.19999999999999
66.19999999999999,43.80000000000001
25.599999999999994,44.400000000000006
65.0,45.0
14.299999999999983,45.70000000000002
83.6,46.400000000000006
12.900000000000006,47.099999999999994
82.20000000000002,47.79999999999998
21.5,48.5
71.9,48.099999999999994
62.29999999999998,47.70000000000002
22.700000000000017,47.29999999999998
63.099999999999994,46.900000000000006
63.5,46.5
9.5,50.5
65.5,54.5
31.5,58.5
2.5,62.5
53.5,66.5
0.9000000000000057,69.1
48.29999999999998,71.70000000000002
15.700000000000017,74.29999999999998
13.099999999999994,76.9
9.5,79.5
40.70000000000002,79.29999999999998
29.099999999999994,79.1
61.099999999999994,78.9
61.29999999999998,78.70000000000002
51.5,78.5
31.69999999999999,78.30000000000001
91.9,78.1
82.1,77.9
12.300000000000011,77.69999999999999
82.5,77.5
72.5,77.5
92.5,77.5
92.5,77.5
82.5,77.5
92.5,77.5
72.30000000000001,77.69999999999999
92.1,77.9
41.900000000000006,78.1
91.69999999999999,78.30000000000001
61.5,78.5
51.5,78.5
8.5,78.5
51.5,78.5
91.5,78.5
20.5,78.5
91.1,78.9
90.70000000000002,79.29999999999998
50.29999999999998,79.70000000000002
59.900000000000006,80.1
59.5,80.5
89.4,80.6
79.30000000000001,80.69999999999999
89.19999999999999,80.80000000000001
89.1,80.9
69.0,81.0
58.099999999999994,81.9
87.20000000000002,82.79999999999998
86.29999999999998,83.70000000000002
85.4,84.6
84.5,85.5
73.69999999999999,86.30000000000001
82.89999999999998,87.10000000000002
82.10000000000002,87.89999999999998
81.30000000000001,88.69999999999999
